material,temperature_K,carrier_type,carrier_density_cm-3,signed_density_cm-3,chemical_potential_Ry,seebeck_uV_K,sigma_over_tau_ohm-1_m-1_s-1,kappa_e_over_tau_W_m-1_K-1_s-1,power_factor_over_tau_W_m-1_K-2_s-1,electronic_zT_no_lattice,hall_m3_C,smoothed_DOS_Ha-1_uc-1,cv_J_mol-1_K-1,chi_m3_mol-1
SrCu2SnS4,300,n,4.99951583181463e+20,-4.99951583181463e+20,0.601319,-27.4771,1.76199e+19,135717000000000.0,13302866351.00176,0.029405748029359094,-1.44742e-08,36.4518,1.00348,9.95768e-13
SrCu2SnS4,300,p,1.0000001459217128e+20,1.0000001459217128e+20,0.52534,157.165,2.25187e+18,12593200000000.0,55623074321.86074,1.3250740317439746,8.09821e-08,17.2817,0.393619,4.72092e-13
SrCu2SnS4,400,n,1.00036061711192e+19,-1.00036061711192e+19,0.562097,-104.145,1.63826e+18,13825800000000.0,17768864526.0165,0.5140784482928004,-6.4289e-07,0.97883,0.0262969,2.67391e-14
SrCu2SnS4,400,p,4.997832413058333e+20,4.997832413058333e+20,0.518967,103.651,8.28336e+18,71428100000000.0,88992525012.41136,0.49836142925493676,1.27905e-08,47.1863,1.52029,1.28901e-12
SrCu2SnS4,500,n,1.000122742722443e+19,-1.000122742722443e+19,0.561428,-126.77000000000001,1.57118e+18,16377900000000.0,25249856999.822002,0.7708514827853999,-6.52296e-07,0.934512,0.0361585,2.55284e-14
SrCu2SnS4,500,p,5.001638403289962e+20,5.001638403289962e+20,0.519727,124.478,7.87427e+18,79294900000000.0,122010022127.58669,0.7693434390331956,1.39646e-08,45.9768,2.10581,1.25597e-12
SrCu2SnS4,600,n,1.9993159455229305e+19,-1.9993159455229305e+19,0.565357,-112.011,2.66323e+18,34060500000000.0,33414119640.97083,0.5886135489667649,-3.30825e-07,1.4299,0.0744154,3.90612e-14
SrCu2SnS4,600,p,4.999973282563624e+20,4.999973282563624e+20,0.520668,143.529,7.39158e+18,83205900000000.0,152270789591.65875,1.098028790686661,1.50435e-08,44.2914,2.74911,1.20993e-12
SrCu2SnS4,700,n,1.9993708396128096e+19,-1.9993708396128096e+19,0.564558,-128.165,2.56479e+18,37579900000000.0,42129925916.007744,0.7847532362035402,-3.36261e-07,1.40168,0.114648,3.82902e-14
SrCu2SnS4,700,p,4.997539644578976e+20,4.997539644578976e+20,0.521775,160.988,6.87877e+18,84255400000000.0,178278018593.2629,1.4811467634749111,1.61128e-08,42.2742,3.41428,1.15482e-12
SrCu2SnS4,800,n,2.000194250960999e+19,-2.000194250960999e+19,0.56362,-142.809,2.4578e+18,41905300000000.0,50125382080.201805,0.9569268246298546,-3.42448e-07,1.39841,0.190242,3.8201e-14
SrCu2SnS4,800,p,5.001839681619519e+20,5.001839681619519e+20,0.523023,176.721,6.37628e+18,83932100000000.0,199133212785.53143,1.8980410382729034,1.71654e-08,40.1121,4.07829,1.09576e-12
SrCu2SnS4,900,n,4.999223063335274e+19,-4.999223063335274e+19,0.570577,-112.081,4.61243e+18,85105200000000.0,57942040112.07323,0.6127455913488942,-1.50141e-07,2.80487,0.539337,7.66218e-14
SrCu2SnS4,900,p,9.99754952320252e+20,9.99754952320252e+20,0.519103,143.998,1.03396e+19,142285000000000.0,214395990031.7584,1.356126021917859,9.50057e-09,67.0304,6.28412,1.83109e-12
SrZrS3,300,n,5.001346688621778e+19,-5.001346688621778e+19,0.625597,-134.381,2.25954e+18,13687600000000.0,40803345347.405945,0.8943133642290674,-1.24802e-07,6.13013,0.0818366,1.9704e-13
SrZrS3,300,p,4.997708077248358e+19,4.997708077248358e+19,0.572264,133.172,2.07228e+18,13031800000000.0,36751433180.89152,0.846040451377972,1.2284e-07,6.52181,0.107534,2.09629e-13
SrZrS3,400,n,4.999495087567848e+19,-4.999495087567848e+19,0.624918,-164.162,2.20571e+18,17284000000000.0,59442036653.21324,1.3756546321039862,-1.25703e-07,5.57877,0.116502,1.79317e-13
SrZrS3,400,p,1.0003167042629445e+20,1.0003167042629445e+20,0.570115,121.658,3.67793e+18,31339800000000.0,54435824402.76453,0.6947820267233936,6.22058e-08,9.69422,0.218162,3.11599e-13
SrZrS3,500,n,1.0001767576716591e+20,-1.0001767576716591e+20,0.627596,-138.672,4.15888e+18,41578800000000.0,79974944595.02592,0.9617274259361251,-6.38015e-08,8.04402,0.207685,2.58557e-13
SrZrS3,500,p,9.999528431256025e+20,9.999528431256025e+20,0.55294,67.1473,2.22935e+19,257954000000000.0,100516038770.23465,0.194833262461979,2.97125e-09,37.2056,0.977148,1.19589e-12
SrZrS3,600,n,1.0004695690011176e+20,-1.0004695690011176e+20,0.626816,-157.501,4.04615e+18,46824900000000.0,100371082978.79614,1.286124471964226,-6.43858e-08,7.58155,0.260085,2.43692e-13
SrZrS3,600,p,9.9999805663971e+20,9.9999805663971e+20,0.553331,83.6604,2.19772e+19,295719000000000.0,153819796993.87793,0.3120931634299005,3.36277e-09,37.5864,1.22336,1.20813e-12
SrZrS3,700,n,9.99825814681205e+19,-9.99825814681205e+19,0.625893,-173.762,3.92602e+18,51066400000000.0,118539235224.99686,1.6248935632333157,-6.51999e-08,7.11135,0.316531,2.28579e-13
SrZrS3,700,p,1.0001573804513273e+21,1.0001573804513273e+21,0.553812,97.7003,2.15898e+19,326302000000000.0,206082167638.01907,0.44209817085587383,3.67394e-09,37.7351,1.48345,1.21291e-12
SrZrS3,800,n,1.9995439781383445e+20,-1.9995439781383445e+20,0.630155,-136.305,7.231e+18,105787000000000.0,134345132423.775,1.0159670464142097,-3.34974e-08,10.9793,0.48004,3.52905e-13
SrZrS3,800,p,9.998042844363919e+20,9.998042844363919e+20,0.554387,109.725,2.11268e+19,350269000000000.0,254357706314.25,0.5809425471606109,3.92603e-09,37.6542,1.7578,1.21031e-12
SrZrS3,900,n,2.0000068784018267e+20,-2.0000068784018267e+20,0.629295,-146.799,7.02825e+18,111209000000000.0,151458410792.82825,1.2257332564230001,-3.40817e-08,10.4966,0.55406,3.37391e-13
SrZrS3,900,p,9.99853803999462e+20,9.99853803999462e+20,0.555043,120.248,2.06134e+19,368916000000000.0,298061137374.55365,0.7271439125359114,4.13119e-09,37.395,2.04883,1.20198e-12
Rb2Cu2SnS4,300,n,9.98999951873624e+18,-9.98999951873624e+18,0.519024,-160.57500000000002,8.01727e+17,4685370000000.0,20671994038.989376,1.3236090664551172,-6.26261e-07,1.4367,0.0466615,4.76045e-14
Rb2Cu2SnS4,300,p,5.003921977951426e+20,5.003921977951426e+20,0.458454,199.674,4.1228e+18,15126100000000.0,164374825034.6928,3.260090010670817,1.15659e-08,96.6464,4.42433,3.20234e-12
Rb2Cu2SnS4,400,n,1.9985703042885194e+19,-1.9985703042885194e+19,0.520811,-145.411,1.45296e+18,11311600000000.0,30721907737.85616,1.0863859308269797,-3.17797e-07,2.06025,0.0990276,6.82655e-14
Rb2Cu2SnS4,400,p,9.992440921831176e+20,9.992440921831176e+20,0.457735,167.832,6.45893e+18,26424700000000.0,181932428936.20032,2.7539753175809043,5.64489e-09,137.416,6.20207,4.55324e-12
Rb2Cu2SnS4,500,n,1.9994358926585414e+19,-1.9994358926585414e+19,0.519885,-171.679,1.36847e+18,12997600000000.0,40333845557.23727,1.5515881992536031,-3.25494e-07,1.91228,0.159505,6.33628e-14
Rb2Cu2SnS4,500,p,1.0003116511728117e+21,1.0003116511728117e+21,0.458884,184.64999999999998,5.6277e+18,25807500000000.0,191879934743.24997,3.717522711290322,5.80801e-09,116.167,7.64102,3.84915e-12
Rb2Cu2SnS4,600,n,4.9983511399802585e+19,-4.9983511399802585e+19,0.523822,-135.636,2.81354e+18,33680400000000.0,51761045654.47583,0.9220979380495926,-1.39282e-07,3.59943,0.476153,1.19266e-13
Rb2Cu2SnS4,600,p,1.0006778616370518e+21,1.0006778616370518e+21,0.46016,198.989,4.96233e+18,25763700000000.0,196491505849.70193,4.576008240657249,6.00149e-09,100.334,9.04129,3.32454e-12
Rb2Cu2SnS4,700,n,4.995510234560698e+19,-4.995510234560698e+19,0.522511,-157.527,2.55453e+18,34685900000000.0,63390037952.40237,1.2792813958029532,-1.49253e-07,3.5291,0.678597,1.16935e-13
Rb2Cu2SnS4,700,p,9.994926714073291e+20,9.994926714073291e+20,0.461553,211.73399999999998,4.41984e+18,26082500000000.0,198147114455.63904,5.3178560382995235,6.21414e-09,88.0975,10.3425,2.91907e-12
Rb2Cu2SnS4,800,n,9.998056148949524e+19,-9.998056148949524e+19,0.525719,-137.388,3.94114e+18,60674000000000.0,74390840450.66017,0.9808595503927241,-8.56128e-08,6.22405,1.43555,2.06231e-13
Rb2Cu2SnS4,800,p,1.000045316289728e+21,1.000045316289728e+21,0.463031,222.938,3.98412e+18,26705300000000.0,198016149908.7173,5.93189067065241,6.41011e-09,78.5754,11.5269,2.60356e-12
Rb2Cu2SnS4,900,n,9.996813252828466e+19,-9.996813252828466e+19,0.524046,-155.62400000000002,3.53231e+18,57441100000000.0,85548413193.13858,1.3403916685757187,-9.38075e-08,6.06155,1.70515,2.00847e-13
Rb2Cu2SnS4,900,p,1.0004670131879438e+21,1.0004670131879438e+21,0.464591,232.888,3.62527e+18,27567100000000.0,196623118413.54688,6.419275388858175,6.58615e-09,70.8823,12.5904,2.34866e-12
