mu_minus_EF_eV,S_300K_uV_K-1,S_400K_uV_K-1,S_500K_uV_K-1,S_600K_uV_K-1,S_700K_uV_K-1,S_800K_uV_K-1,S_900K_uV_K-1
-1.489960653815658675e+00,-1.811710000000000065e+01,-9.852830000000000865e+00,-3.523519999999999985e+00,1.585070000000000090e-01,1.503649999999999931e+00,1.039690000000000003e+00,-7.313419999999999366e-01
-1.477035245348815140e+00,-2.232910000000000039e+01,-1.346240000000000059e+01,-6.722459999999999880e+00,-2.704019999999999868e+00,-1.045169999999999932e+00,-1.208869999999999889e+00,-2.694259999999999877e+00
-1.464123442575093303e+00,-2.239329999999999998e+01,-1.449119999999999919e+01,-8.489770000000000039e+00,-4.825230000000000352e+00,-3.248979999999999979e+00,-3.336399999999999810e+00,-4.659660000000000579e+00
-1.451198034108248880e+00,-1.866999999999999815e+01,-1.317650000000000077e+01,-8.916550000000000864e+00,-6.217679999999999652e+00,-5.086129999999999818e+00,-5.309470000000000134e+00,-6.592289999999999317e+00
-1.438286231334527931e+00,-1.211260000000000048e+01,-1.016849999999999987e+01,-8.326579999999999870e+00,-7.014670000000000627e+00,-6.597269999999999968e+00,-7.127299999999999969e+00,-8.474149999999999849e+00
-1.425360822867683508e+00,-4.194460000000000299e+00,-6.389190000000000147e+00,-7.190479999999999983e+00,-7.429690000000000794e+00,-7.868250000000000632e+00,-8.815039999999999765e+00,-1.030200000000000138e+01
-1.412449020093962559e+00,3.208040000000000003e+00,-2.870740000000000069e+00,-6.018349999999999866e+00,-7.703609999999999403e+00,-9.006780000000000896e+00,-1.041370000000000040e+01,-1.208309999999999995e+01
-1.399537217320240723e+00,8.046240000000000947e+00,-5.447140000000000315e-01,-5.244979999999999976e+00,-8.051919999999999078e+00,-1.011890000000000001e+01,-1.196969999999999956e+01,-1.383050000000000068e+01
-1.386611808853396521e+00,8.645629999999998816e+00,3.146720000000000073e-02,-5.128109999999999502e+00,-8.624419999999998865e+00,-1.129069999999999929e+01,-1.352519999999999989e+01,-1.555779999999999852e+01
-1.373700006079675351e+00,4.780510000000000481e+00,-1.071180000000000021e+00,-5.696269999999999278e+00,-9.488709999999999312e+00,-1.257890000000000086e+01,-1.511289999999999978e+01,-1.727609999999999957e+01
-1.360774597612830927e+00,-1.399929999999999897e+00,-3.140269999999999673e+00,-6.783489999999999576e+00,-1.064219999999999899e+01,-1.401149999999999984e+01,-1.675229999999999819e+01,-1.899060000000000059e+01
-1.347862794839109979e+00,-6.360990000000000144e+00,-5.212979999999999947e+00,-8.149840000000001083e+00,-1.204550000000000054e+01,-1.559460000000000157e+01,-1.845049999999999812e+01,-2.069960000000000022e+01
-1.334937386372265555e+00,-7.884729999999999350e+00,-6.658629999999999605e+00,-9.624189999999998690e+00,-1.366000000000000014e+01,-1.732130000000000081e+01,-2.020240000000000080e+01,-2.239359999999999928e+01
-1.322025583598543941e+00,-6.443100000000000271e+00,-7.492600000000000371e+00,-1.118319999999999936e+01,-1.546879999999999988e+01,-1.917729999999999890e+01,-2.199220000000000041e+01,-2.405509999999999948e+01
-1.309113780824822992e+00,-4.207579999999999210e+00,-8.224660000000000082e+00,-1.292759999999999998e+01,-1.747439999999999927e+01,-2.114079999999999870e+01,-2.379330000000000211e+01,-2.565830000000000055e+01
-1.296188372357978569e+00,-3.300060000000000215e+00,-9.444350000000000023e+00,-1.498889999999999922e+01,-1.967729999999999890e+01,-2.317790000000000106e+01,-2.556739999999999924e+01,-2.716999999999999815e+01
-1.283276569584257398e+00,-4.528369999999999784e+00,-1.146579999999999977e+01,-1.743779999999999930e+01,-2.205239999999999867e+01,-2.523699999999999832e+01,-2.726449999999999818e+01,-2.855010000000000048e+01
-1.270351161117413197e+00,-7.218119999999999870e+00,-1.424569999999999936e+01,-2.024609999999999843e+01,-2.453450000000000131e+01,-2.724530000000000030e+01,-2.882319999999999993e+01,-2.975339999999999918e+01
-1.257439358343691360e+00,-1.030090000000000039e+01,-1.757179999999999964e+01,-2.330320000000000036e+01,-2.701589999999999847e+01,-2.910940000000000083e+01,-3.017340000000000089e+01,-3.073200000000000287e+01
-1.244527555569970412e+00,-1.357760000000000034e+01,-2.128770000000000095e+01,-2.644650000000000034e+01,-2.935169999999999746e+01,-3.071989999999999554e+01,-3.124050000000000082e+01,-3.143850000000000122e+01
-1.231602147103125988e+00,-1.776919999999999789e+01,-2.530100000000000193e+01,-2.946320000000000050e+01,-3.136840000000000117e+01,-3.195939999999999870e+01,-3.195139999999999958e+01,-3.183009999999999806e+01
-1.218690344329405040e+00,-2.342469999999999786e+01,-2.935859999999999914e+01,-3.207150000000000034e+01,-3.287640000000000384e+01,-3.271419999999999817e+01,-3.224159999999999826e+01,-3.187249999999999517e+01
-1.205764935862560616e+00,-2.972560000000000002e+01,-3.285949999999999704e+01,-3.393229999999999791e+01,-3.369369999999999976e+01,-3.288820000000000476e+01,-3.206210000000000093e+01,-3.154370000000000118e+01
-1.192853133088838780e+00,-3.437669999999999959e+01,-3.500070000000000192e+01,-3.472729999999999961e+01,-3.367849999999999966e+01,-3.241639999999999588e+01,-3.138599999999999923e+01,-3.083700000000000330e+01
-1.179927724621995244e+00,-3.531929999999999836e+01,-3.522520000000000095e+01,-3.426919999999999789e+01,-3.275999999999999801e+01,-3.127490000000000236e+01,-3.021189999999999998e+01,-2.976229999999999976e+01
-1.167015921848273408e+00,-3.264190000000000680e+01,-3.355649999999999977e+01,-3.256519999999999726e+01,-3.095159999999999556e+01,-2.948410000000000153e+01,-2.856450000000000244e+01,-2.834639999999999915e+01
-1.154104119074552459e+00,-2.831680000000000064e+01,-3.049910000000000210e+01,-2.978589999999999804e+01,-2.833910000000000196e+01,-2.710369999999999990e+01,-2.649289999999999878e+01,-2.663219999999999743e+01
-1.141178710607708036e+00,-2.431850000000000023e+01,-2.664349999999999952e+01,-2.617060000000000031e+01,-2.505359999999999943e+01,-2.422290000000000276e+01,-2.406599999999999895e+01,-2.467609999999999815e+01
-1.128266907833986199e+00,-2.116689999999999827e+01,-2.233399999999999963e+01,-2.193759999999999977e+01,-2.124249999999999972e+01,-2.094919999999999760e+01,-2.136739999999999995e+01,-2.254589999999999961e+01
-1.115341499367142664e+00,-1.795909999999999940e+01,-1.761129999999999995e+01,-1.724809999999999732e+01,-1.705130000000000123e+01,-1.739989999999999881e+01,-1.849140000000000228e+01,-2.031769999999999854e+01
-1.102429696593420827e+00,-1.353840000000000110e+01,-1.238529999999999909e+01,-1.222439999999999927e+01,-1.262030000000000030e+01,-1.369730000000000025e+01,-1.553919999999999924e+01,-1.807420000000000115e+01
-1.089504288126576625e+00,-7.510720000000000063e+00,-6.653260000000000396e+00,-6.993039999999999701e+00,-8.089959999999999596e+00,-9.966700000000001225e+00,-1.261660000000000004e+01,-1.590180000000000149e+01
-1.076592485352855455e+00,-3.290609999999999924e-01,-6.110220000000000651e-01,-1.718160000000000132e+00,-3.607839999999999936e+00,-6.337180000000000035e+00,-9.832390000000000185e+00,-1.388949999999999996e+01
-1.063680682579133840e+00,7.093710000000000626e+00,5.368259999999999366e+00,3.393790000000000084e+00,6.691510000000000513e-01,-2.940749999999999975e+00,-7.297150000000000247e+00,-1.212629999999999875e+01
-1.050755274112290083e+00,1.364040000000000141e+01,1.083610000000000007e+01,8.115130000000000621e+00,4.578430000000000000e+00,8.888730000000000242e-02,-5.121109999999999829e+00,-1.069950000000000045e+01
-1.037843471338568468e+00,1.828010000000000090e+01,1.540230000000000032e+01,1.223120000000000118e+01,7.959840000000000693e+00,2.619419999999999860e+00,-3.411779999999999813e+00,-9.692130000000000578e+00
-1.024918062871724045e+00,2.061689999999999756e+01,1.885259999999999891e+01,1.557049999999999912e+01,1.066420000000000101e+01,4.523859999999999992e+00,-2.270589999999999886e+00,-9.179549999999998988e+00
-1.012006260098002874e+00,2.118219999999999814e+01,2.118609999999999971e+01,1.801759999999999806e+01,1.255960000000000143e+01,5.684989999999999988e+00,-1.788869999999999960e+00,-9.226010000000000488e+00
-9.990944573242812599e-01,2.097109999999999985e+01,2.254870000000000019e+01,1.950489999999999924e+01,1.353319999999999901e+01,5.999909999999999854e+00,-2.042950000000000266e+00,-9.880449999999999733e+00
-9.861690488574376134e-01,2.074480000000000146e+01,2.311359999999999815e+01,1.999010000000000176e+01,1.349080000000000013e+01,5.384850000000000136e+00,-3.088779999999999859e+00,-1.117220000000000013e+01
-9.732572460837158879e-01,2.078539999999999921e+01,2.298580000000000112e+01,1.943080000000000140e+01,1.235550000000000104e+01,3.780610000000000248e+00,-4.956180000000000696e+00,-1.310659999999999847e+01
-9.603318376168714643e-01,2.099990000000000023e+01,2.215269999999999939e+01,1.776560000000000272e+01,1.006859999999999999e+01,1.158919999999999950e+00,-7.643010000000000304e+00,-1.566169999999999973e+01
-9.474200348431504048e-01,2.106259999999999977e+01,2.047259999999999991e+01,1.490909999999999869e+01,6.595329999999999693e+00,-2.469949999999999868e+00,-1.110989999999999966e+01,-1.878509999999999991e+01
-9.344946263763060923e-01,2.050970000000000226e+01,1.769430000000000192e+01,1.076470000000000127e+01,1.937130000000000019e+00,-7.049069999999999503e+00,-1.527659999999999840e+01,-2.239350000000000307e+01
-9.215828236025850329e-01,1.877000000000000313e+01,1.351019999999999932e+01,5.257970000000000255e+00,-3.850719999999999921e+00,-1.246729999999999983e+01,-2.001989999999999981e+01,-2.637389999999999901e+01
-9.086710208288633073e-01,1.516940000000000133e+01,7.651309999999999611e+00,-1.614470000000000072e+00,-1.063959999999999972e+01,-1.855480000000000018e+01,-2.517620000000000147e+01,-3.058739999999999881e+01
-8.957456123620188837e-01,9.167630000000000834e+00,1.337119999999999975e-02,-9.734230000000000160e+00,-1.821249999999999858e+01,-2.508300000000000196e+01,-3.054660000000000153e+01,-3.487550000000000239e+01
-8.828338095882979353e-01,8.673440000000000039e-01,-9.243579999999999686e+00,-1.882899999999999707e+01,-2.626009999999999778e+01,-3.177300000000000324e+01,-3.590700000000000358e+01,-3.906900000000000261e+01
-8.699084011214535117e-01,-8.908760000000000900e+00,-1.970289999999999964e+01,-2.847220000000000084e+01,-3.439109999999999445e+01,-3.831029999999999802e+01,-4.102250000000000085e+01,-4.299830000000000041e+01
-8.569965983477325633e-01,-1.942670000000000030e+01,-3.079119999999999635e+01,-3.810989999999999611e+01,-4.215940000000000509e+01,-4.436809999999999832e+01,-4.566320000000000334e+01,-4.650410000000000110e+01
-8.440711898808881397e-01,-3.068649999999999878e+01,-4.183220000000000027e+01,-4.710379999999999967e+01,-4.910320000000000107e+01,-4.963530000000000086e+01,-4.962259999999999849e+01,-4.944879999999999853e+01
-8.311593871071664141e-01,-4.274490000000000123e+01,-5.198899999999999721e+01,-5.478960000000000008e+01,-5.479540000000000077e+01,-5.384640000000000271e+01,-5.273380000000000223e+01,-5.172470000000000567e+01
-8.182475843334453547e-01,-5.445940000000000225e+01,-6.025189999999999912e+01,-6.056450000000000244e+01,-5.889779999999999660e+01,-5.680889999999999418e+01,-5.488280000000000314e+01,-5.326109999999999900e+01
-8.053221758666010421e-01,-6.349819999999999709e+01,-6.565479999999999450e+01,-6.399810000000000088e+01,-6.120739999999999981e+01,-5.842130000000000223e+01,-5.601539999999999964e+01,-5.402670000000000528e+01
-7.924103730928799827e-01,-6.787479999999999336e+01,-6.762489999999999668e+01,-6.492159999999999798e+01,-6.168030000000000257e+01,-5.867949999999999733e+01,-5.613839999999999719e+01,-5.402940000000000254e+01
-7.794849646260355591e-01,-6.713439999999999941e+01,-6.617430000000000234e+01,-6.344830000000000325e+01,-6.042629999999999768e+01,-5.766879999999999740e+01,-5.531340000000000146e+01,-5.331190000000000140e+01
-7.665731618523138335e-01,-6.211519999999999442e+01,-6.180930000000000035e+01,-5.991940000000000310e+01,-5.767670000000000385e+01,-5.554610000000000269e+01,-5.364650000000000318e+01,-5.194539999999999935e+01
-7.536613590785928851e-01,-5.414189999999999969e+01,-5.529159999999999542e+01,-5.480930000000000035e+01,-5.373989999999999867e+01,-5.251580000000000581e+01,-5.127429999999999666e+01,-5.002170000000000272e+01
-7.407359506117484615e-01,-4.449109999999999587e+01,-4.742759999999999820e+01,-4.863559999999999661e+01,-4.895660000000000167e+01,-4.880640000000000356e+01,-4.835119999999999862e+01,-4.764480000000000359e+01
-7.278241478380275131e-01,-3.419930000000000092e+01,-3.895430000000000348e+01,-4.189620000000000033e+01,-4.366549999999999443e+01,-4.464950000000000330e+01,-4.503580000000000183e+01,-4.492340000000000089e+01
-7.148987393711830896e-01,-2.410529999999999973e+01,-3.050199999999999889e+01,-3.503529999999999944e+01,-3.817930000000000490e+01,-4.026500000000000057e+01,-4.148169999999999646e+01,-4.196390000000000242e+01
-7.019869365974613640e-01,-1.496039999999999992e+01,-2.258910000000000196e+01,-2.842759999999999820e+01,-3.277130000000000365e+01,-3.584999999999999432e+01,-3.782889999999999731e+01,-3.886480000000000246e+01
-6.890615281306169404e-01,-7.390649999999999942e+00,-1.561339999999999861e+01,-2.237239999999999895e+01,-2.766760000000000019e+01,-3.157150000000000034e+01,-3.419839999999999947e+01,-3.571269999999999811e+01
-6.761497253568958810e-01,-1.728299999999999947e+00,-9.841630000000000322e+00,-1.709089999999999776e+01,-2.304309999999999903e+01,-2.756200000000000117e+01,-3.068810000000000215e+01,-3.257900000000000063e+01
-6.632379225831749325e-01,2.033349999999999991e+00,-5.409010000000000318e+00,-1.272480000000000011e+01,-1.901870000000000260e+01,-2.391680000000000206e+01,-2.737050000000000338e+01,-2.951810000000000045e+01
-6.503125141163305090e-01,4.058150000000000368e+00,-2.333660000000000068e+00,-9.336359999999999104e+00,-1.565989999999999860e+01,-2.069239999999999924e+01,-2.429129999999999967e+01,-2.656650000000000134e+01
-6.374007113426087834e-01,4.531320000000000014e+00,-5.238260000000000138e-01,-6.909200000000000230e+00,-1.297719999999999985e+01,-1.790659999999999741e+01,-2.146959999999999980e+01,-2.374259999999999948e+01
-6.244753028757651370e-01,3.822579999999999867e+00,2.250310000000000088e-01,-5.352469999999999395e+00,-1.092849999999999966e+01,-1.554060000000000130e+01,-1.889970000000000283e+01,-2.104840000000000089e+01
-6.115635001020434114e-01,2.639970000000000372e+00,2.093230000000000091e-01,-4.515019999999999811e+00,-9.427440000000000708e+00,-1.354439999999999955e+01,-1.655410000000000181e+01,-1.847100000000000009e+01
-5.986380916351989878e-01,1.737729999999999997e+00,-2.582389999999999963e-01,-4.211560000000000414e+00,-8.355140000000000455e+00,-1.184290000000000020e+01,-1.438809999999999967e+01,-1.598550000000000182e+01
-5.857262888614780394e-01,1.376700000000000035e+00,-9.482079999999999398e-01,-4.254159999999999719e+00,-7.575599999999999667e+00,-1.034559999999999924e+01,-1.234510000000000041e+01,-1.355879999999999974e+01
-5.728144860877563138e-01,1.141389999999999905e+00,-1.762869999999999937e+00,-4.476300000000000168e+00,-6.950580000000000425e+00,-8.955690000000000595e+00,-1.036260000000000048e+01,-1.115289999999999893e+01
-5.598890776209126674e-01,3.451149999999999496e-01,-2.693249999999999922e+00,-4.739869999999999806e+00,-6.350880000000000081e+00,-7.578859999999999708e+00,-8.378059999999999619e+00,-8.728780000000000427e+00
-5.469772748471908308e-01,-1.378949999999999898e+00,-3.720820000000000238e+00,-4.926600000000000534e+00,-5.662700000000000067e+00,-6.129730000000000345e+00,-6.333569999999999922e+00,-6.249270000000000103e+00
-5.340518663803465182e-01,-3.804850000000000065e+00,-4.736900000000000333e+00,-4.924590000000000245e+00,-4.790110000000000312e+00,-4.536619999999999209e+00,-4.179570000000000007e+00,-3.681859999999999911e+00
-5.211400636066254588e-01,-6.259789999999999743e+00,-5.528760000000000119e+00,-4.622079999999999522e+00,-3.655930000000000124e+00,-2.744070000000000231e+00,-1.877219999999999889e+00,-1.000340000000000007e+00
-5.082282608329037332e-01,-7.981979999999999187e+00,-5.834350000000000591e+00,-3.914530000000000065e+00,-2.203210000000000335e+00,-7.140469999999999873e-01,6.004289999999999905e-01,1.814220000000000166e+00
-4.953028523660600868e-01,-8.441480000000000317e+00,-5.431620000000000559e+00,-2.722620000000000040e+00,-3.979489999999999972e-01,1.573900000000000077e+00,3.268399999999999750e+00,4.773220000000000240e+00
-4.823910495923383612e-01,-7.495120000000000005e+00,-4.215970000000000439e+00,-1.012019999999999920e+00,1.768299999999999983e+00,4.123270000000000657e+00,6.130519999999999747e+00,7.880990000000000606e+00
-4.694656411254939377e-01,-5.368750000000000355e+00,-2.230129999999999946e+00,1.195960000000000134e+00,4.277759999999999785e+00,6.922270000000000145e+00,9.180920000000000414e+00,1.113560000000000016e+01
-4.565538383517729337e-01,-2.513510000000000133e+00,3.623330000000000162e-01,3.828919999999999657e+00,7.089659999999999407e+00,9.946709999999999496e+00,1.240610000000000035e+01,1.453040000000000020e+01
-4.436284298849285657e-01,6.080640000000000489e-01,3.342249999999999943e+00,6.781890000000000640e+00,1.014740000000000109e+01,1.316399999999999970e+01,1.578739999999999988e+01,1.805509999999999948e+01
-4.307166271112075617e-01,3.697839999999999794e+00,6.504399999999999515e+00,9.941979999999999151e+00,1.338809999999999967e+01,1.653770000000000095e+01,1.930379999999999896e+01,2.169800000000000040e+01
-4.178048243374857806e-01,6.641829999999999679e+00,9.701740000000000919e+00,1.321000000000000085e+01,1.675209999999999866e+01,2.003259999999999863e+01,2.293440000000000012e+01,2.544689999999999941e+01
-4.048794158706414126e-01,9.446460000000000079e+00,1.285440000000000005e+01,1.651279999999999859e+01,2.019059999999999988e+01,2.361840000000000117e+01,2.666100000000000136e+01,2.929110000000000014e+01
-3.919676130969204086e-01,1.218229999999999968e+01,1.593130000000000024e+01,1.980520000000000280e+01,2.366939999999999955e+01,2.727270000000000039e+01,3.046969999999999956e+01,3.322240000000000038e+01
-3.790422046300767622e-01,1.488480000000000025e+01,1.891980000000000217e+01,2.306520000000000081e+01,2.716999999999999815e+01,3.098289999999999722e+01,3.435229999999999961e+01,3.723570000000000135e+01
-3.661304018563542595e-01,1.746509999999999962e+01,2.180499999999999972e+01,2.628880000000000194e+01,3.068919999999999604e+01,3.474589999999999890e+01,3.830659999999999599e+01,4.132959999999999923e+01
-3.532049933895098914e-01,1.976679999999999993e+01,2.457479999999999976e+01,2.948659999999999926e+01,3.423689999999999856e+01,3.856850000000000023e+01,4.233670000000000044e+01,4.550670000000000215e+01
-3.402931906157888875e-01,2.172609999999999886e+01,2.724190000000000111e+01,3.268519999999999470e+01,3.783480000000000132e+01,4.246500000000000341e+01,4.645179999999999865e+01,4.977299999999999613e+01
-3.273813878420678836e-01,2.345059999999999789e+01,2.986070000000000135e+01,3.592739999999999867e+01,4.151380000000000337e+01,4.645649999999999835e+01,5.066570000000000107e+01,5.413739999999999952e+01
-3.144559793752235155e-01,2.513629999999999853e+01,3.252149999999999608e+01,3.926989999999999981e+01,4.531180000000000518e+01,5.056810000000000116e+01,5.499519999999999698e+01,5.861129999999999995e+01
-3.015441766015025116e-01,2.694080000000000297e+01,3.533189999999999742e+01,4.277660000000000196e+01,4.926899999999999835e+01,5.482690000000000197e+01,5.945889999999999986e+01,6.320759999999999224e+01
-2.886187681346580880e-01,2.897850000000000037e+01,3.840100000000000335e+01,4.651069999999999993e+01,5.342450000000000188e+01,5.925939999999999941e+01,6.407569999999999766e+01,6.793989999999999441e+01
-2.757069653609371396e-01,3.141929999999999978e+01,4.182979999999999876e+01,5.052669999999999817e+01,5.781220000000000425e+01,6.388960000000000150e+01,6.886359999999999104e+01,7.282160000000000366e+01
-2.627951625872145813e-01,3.451169999999999760e+01,4.569989999999999952e+01,5.486350000000000193e+01,6.245749999999999602e+01,6.873760000000000048e+01,7.383889999999999532e+01,7.786589999999999634e+01
-2.498697541203717121e-01,3.848230000000000217e+01,5.005570000000000164e+01,5.954010000000000247e+01,6.737659999999999627e+01,7.381880000000001019e+01,7.901579999999999870e+01,8.308480000000000132e+01
-2.369579513466492093e-01,4.337349999999999994e+01,5.488359999999999417e+01,6.455400000000000205e+01,7.257640000000000668e+01,7.914449999999999363e+01,8.440649999999999409e+01,8.848949999999999250e+01
-2.240325428798048135e-01,4.890129999999999910e+01,6.010309999999999775e+01,6.988439999999999941e+01,7.805720000000000880e+01,8.472289999999999566e+01,9.002130000000001075e+01,9.409000000000000341e+01
-2.111207401060838373e-01,5.450699999999999790e+01,6.558330000000000837e+01,7.549909999999999854e+01,8.381600000000000250e+01,9.056040000000000134e+01,9.586979999999999791e+01,9.989599999999998658e+01
-1.981953316392394415e-01,5.967310000000000514e+01,7.119060000000000343e+01,8.136669999999999447e+01,8.985060000000000002e+01,9.666440000000000055e+01,1.019620000000000033e+02,1.059170000000000016e+02
-1.852835288655184376e-01,6.422180000000000177e+01,7.684299999999998931e+01,8.746880000000000166e+01,9.616450000000000387e+01,1.030439999999999969e+02,1.083070000000000022e+02,1.121610000000000014e+02
-1.723717260917974337e-01,6.832070000000000221e+01,8.253670000000001039e+01,9.380870000000000175e+01,1.027690000000000055e+02,1.097129999999999939e+02,1.149170000000000016e+02,1.186379999999999910e+02
-1.594463176249530378e-01,7.229999999999999716e+01,8.833459999999999468e+01,1.004140000000000015e+02,1.096880000000000024e+02,1.166889999999999930e+02,1.218060000000000116e+02,1.253580000000000041e+02
-1.465345148512320617e-01,7.646840000000000259e+01,9.433570000000000277e+01,1.073340000000000032e+02,1.169530000000000030e+02,1.239950000000000045e+02,1.289900000000000091e+02,1.323319999999999936e+02
-1.336091063843876658e-01,8.098829999999999529e+01,1.006569999999999965e+02,1.146410000000000053e+02,1.246119999999999948e+02,1.316610000000000014e+02,1.364869999999999948e+02,1.395690000000000168e+02
-1.206973036106666619e-01,8.593110000000000070e+01,1.074449999999999932e+02,1.224300000000000068e+02,1.327189999999999941e+02,1.397210000000000036e+02,1.443170000000000073e+02,1.470809999999999889e+02
-1.077855008369441453e-01,9.151989999999999270e+01,1.149110000000000014e+02,1.308220000000000027e+02,1.413449999999999989e+02,1.482130000000000223e+02,1.524989999999999952e+02,1.548769999999999811e+02
-9.486009237009976336e-02,9.833589999999999520e+01,1.233580000000000041e+02,1.399699999999999989e+02,1.505660000000000025e+02,1.571759999999999877e+02,1.610550000000000068e+02,1.629660000000000082e+02
-8.194828959637875943e-02,1.072909999999999968e+02,1.331550000000000011e+02,1.500409999999999968e+02,1.604639999999999986e+02,1.666510000000000105e+02,1.700019999999999811e+02,1.713520000000000039e+02
-6.902288112953437749e-02,1.192869999999999919e+02,1.446700000000000159e+02,1.612040000000000077e+02,1.711170000000000186e+02,1.766759999999999877e+02,1.793559999999999945e+02,1.800370000000000061e+02
-5.611107835581337355e-02,1.347860000000000014e+02,1.581829999999999927e+02,1.735999999999999943e+02,1.825949999999999989e+02,1.872789999999999964e+02,1.891229999999999905e+02,1.890169999999999959e+02
-4.318566988896898468e-02,1.537420000000000186e+02,1.738449999999999989e+02,1.873290000000000077e+02,1.949449999999999932e+02,1.984789999999999850e+02,1.993040000000000020e+02,1.982779999999999916e+02
-3.027386711524798421e-02,1.759390000000000214e+02,1.916899999999999977e+02,2.024399999999999977e+02,2.081929999999999836e+02,2.102790000000000248e+02,2.098880000000000052e+02,2.077990000000000066e+02
-1.736206434152698375e-02,2.012999999999999829e+02,2.116779999999999973e+02,2.189290000000000020e+02,2.223329999999999984e+02,2.226630000000000109e+02,2.208460000000000036e+02,2.175430000000000064e+02
-4.436655874682597471e-03,2.298750000000000000e+02,2.337170000000000130e+02,2.367479999999999905e+02,2.373320000000000221e+02,2.355930000000000177e+02,2.321330000000000098e+02,2.274579999999999984e+02
8.475146899038403861e-03,2.616450000000000387e+02,2.576730000000000018e+02,2.558040000000000020e+02,2.531230000000000189e+02,2.490060000000000286e+02,2.436800000000000068e+02,2.374680000000000177e+02
2.140055536588279100e-02,2.963679999999999950e+02,2.833539999999999850e+02,2.759700000000000273e+02,2.696030000000000086e+02,2.628029999999999973e+02,2.553880000000000052e+02,2.474719999999999800e+02
3.431235813960530068e-02,3.335769999999999982e+02,3.105190000000000055e+02,2.970749999999999886e+02,2.866290000000000191e+02,2.768480000000000132e+02,2.671160000000000423e+02,2.573310000000000173e+02
4.723776660644968955e-02,3.726970000000000027e+02,3.388790000000000191e+02,3.189030000000000200e+02,3.040029999999999859e+02,2.909429999999999836e+02,2.786740000000000350e+02,2.668580000000000041e+02
6.014956938017068655e-02,4.131659999999999968e+02,3.681089999999999804e+02,3.411740000000000350e+02,3.214460000000000264e+02,3.048149999999999977e+02,2.897959999999999923e+02,2.758090000000000259e+02
7.306137215389169048e-02,4.544970000000000141e+02,3.978280000000000314e+02,3.634970000000000141e+02,3.385600000000000023e+02,3.180729999999999791e+02,3.001190000000000282e+02,2.838550000000000182e+02
8.598678062073607242e-02,4.962430000000000518e+02,4.275249999999999773e+02,3.852909999999999968e+02,3.547520000000000095e+02,3.301650000000000205e+02,3.091510000000000105e+02,2.905709999999999695e+02
9.889858339445707636e-02,5.378600000000000136e+02,4.563789999999999623e+02,4.056270000000000095e+02,3.691290000000000191e+02,3.402990000000000350e+02,3.162230000000000132e+02,2.954049999999999727e+02
1.118239918613014722e-01,5.783189999999999600e+02,4.828910000000000196e+02,4.229660000000000082e+02,3.803349999999999795e+02,3.473610000000000468e+02,3.204490000000000123e+02,2.976610000000000014e+02
1.247357946350224622e-01,6.151939999999999600e+02,5.041460000000000150e+02,4.347330000000000041e+02,3.863369999999999891e+02,3.498149999999999977e+02,3.206819999999999595e+02,2.964840000000000373e+02
1.376475974087434662e-01,6.421909999999999172e+02,5.144830000000000609e+02,4.367330000000000041e+02,3.842049999999999841e+02,3.456309999999999718e+02,3.155049999999999955e+02,2.908700000000000045e+02
1.505730058755878620e-01,6.438790000000000191e+02,5.035459999999999923e+02,4.226030000000000086e+02,3.700080000000000382e+02,3.323180000000000405e+02,3.032900000000000205e+02,2.797259999999999991e+02
1.634848086493103647e-01,5.867119999999999891e+02,4.549910000000000423e+02,3.839870000000000232e+02,3.391530000000000200e+02,3.071829999999999927e+02,2.823779999999999859e+02,2.619860000000000468e+02
1.764102171161532340e-01,4.200729999999999791e+02,3.505240000000000009e+02,3.128439999999999941e+02,2.875830000000000268e+02,2.679759999999999991e+02,2.514300000000000352e+02,2.368120000000000118e+02
1.893220198898757645e-01,1.275790000000000077e+02,1.853089999999999975e+02,2.069650000000000034e+02,2.140440000000000111e+02,2.139200000000000159e+02,2.099469999999999743e+02,2.038780000000000143e+02
2.022474283567201325e-01,-1.998259999999999934e+02,-1.341330000000000133e+01,7.623400000000000887e+01,1.225900000000000034e+02,1.468379999999999939e+02,1.588160000000000025e+02,1.636479999999999961e+02
2.151592311304411365e-01,-4.291829999999999927e+02,-1.938019999999999925e+02,-5.747760000000000247e+01,2.323390000000000200e+01,7.165130000000000621e+01,1.006199999999999903e+02,1.175609999999999928e+02
2.280710339041621404e-01,-5.296430000000000291e+02,-3.173220000000000027e+02,-1.705589999999999975e+02,-7.095520000000000493e+01,-4.446139999999999759e+00,3.941659999999999542e+01,6.799370000000000402e+01
2.409964423710065362e-01,-5.484599999999999227e+02,-3.804809999999999945e+02,-2.498390000000000271e+02,-1.489899999999999807e+02,-7.404080000000000439e+01,-2.008259999999999934e+01,1.791440000000000055e+01
2.539082451447275401e-01,-5.297569999999999482e+02,-4.003480000000000132e+02,-2.953739999999999668e+02,-2.056080000000000041e+02,-1.316880000000000166e+02,-7.363100000000000023e+01,-2.965749999999999886e+01
2.668336536115719082e-01,-4.960659999999999741e+02,-3.950049999999999955e+02,-3.146970000000000027e+02,-2.412630000000000052e+02,-1.750070000000000050e+02,-1.183469999999999942e+02,-7.221689999999999543e+01
2.797454563852929121e-01,-4.568170000000000073e+02,-3.765849999999999795e+02,-3.165190000000000055e+02,-2.597330000000000041e+02,-2.043720000000000141e+02,-1.530380000000000109e+02,-1.081440000000000055e+02
2.926708648521372802e-01,-4.156879999999999882e+02,-3.519139999999999873e+02,-3.077460000000000377e+02,-2.656580000000000155e+02,-2.218389999999999986e+02,-1.779629999999999939e+02,-1.367920000000000016e+02
3.055826676258582841e-01,-3.741959999999999695e+02,-3.245829999999999700e+02,-2.930470000000000255e+02,-2.631549999999999727e+02,-2.300529999999999973e+02,-1.943040000000000020e+02,-1.583290000000000077e+02
3.184944703995808424e-01,-3.330970000000000368e+02,-2.965010000000000332e+02,-2.753559999999999945e+02,-2.553599999999999852e+02,-2.315480000000000018e+02,-2.036449999999999818e+02,-1.734699999999999989e+02
3.314198788664252104e-01,-2.929699999999999704e+02,-2.687720000000000482e+02,-2.564759999999999991e+02,-2.444869999999999948e+02,-2.284290000000000020e+02,-2.075910000000000082e+02,-1.831989999999999839e+02
3.443316816401462144e-01,-2.544579999999999984e+02,-2.421419999999999959e+02,-2.375280000000000200e+02,-2.320339999999999918e+02,-2.223110000000000070e+02,-2.075649999999999977e+02,-1.885610000000000070e+02
3.572570901069905824e-01,-2.183660000000000139e+02,-2.172069999999999936e+02,-2.192280000000000086e+02,-2.189890000000000043e+02,-2.143710000000000093e+02,-2.047330000000000041e+02,-1.905320000000000107e+02
3.701688928807115864e-01,-1.856460000000000150e+02,-1.944799999999999898e+02,-2.020420000000000016e+02,-2.059890000000000043e+02,-2.054369999999999834e+02,-2.000019999999999811e+02,-1.899530000000000030e+02
3.830806956544325903e-01,-1.572849999999999966e+02,-1.743760000000000048e+02,-1.862509999999999764e+02,-1.934339999999999975e+02,-1.960780000000000030e+02,-1.940500000000000114e+02,-1.875160000000000196e+02
3.960061041212769584e-01,-1.341649999999999920e+02,-1.571520000000000152e+02,-1.719819999999999993e+02,-1.815499999999999829e+02,-1.866690000000000111e+02,-1.873730000000000189e+02,-1.837690000000000055e+02
4.089179068949979623e-01,-1.169710000000000036e+02,-1.427990000000000066e+02,-1.592189999999999941e+02,-1.704479999999999791e+02,-1.774530000000000030e+02,-1.803250000000000171e+02,-1.791320000000000050e+02
4.218433153618423859e-01,-1.058220000000000027e+02,-1.309570000000000221e+02,-1.478230000000000075e+02,-1.601550000000000011e+02,-1.685780000000000030e+02,-1.731520000000000152e+02,-1.739250000000000114e+02
4.347551181355633898e-01,-9.936360000000000525e+01,-1.209110000000000014e+02,-1.375840000000000032e+02,-1.506500000000000057e+02,-1.601279999999999859e+02,-1.660250000000000057e+02,-1.683819999999999766e+02
4.476805266024077579e-01,-9.428520000000000323e+01,-1.118180000000000121e+02,-1.283009999999999877e+02,-1.418979999999999961e+02,-1.521469999999999914e+02,-1.590540000000000020e+02,-1.626769999999999925e+02
4.605923293761302606e-01,-8.708399999999998897e+01,-1.031020000000000039e+02,-1.198509999999999991e+02,-1.338660000000000139e+02,-1.446510000000000105e+02,-1.523110000000000070e+02,-1.569320000000000164e+02
4.735041321498512645e-01,-7.682059999999999889e+01,-9.476090000000000657e+01,-1.122279999999999944e+02,-1.265270000000000010e+02,-1.376399999999999864e+02,-1.458359999999999843e+02,-1.512340000000000089e+02
4.864295406166956326e-01,-6.556359999999999388e+01,-8.732450000000000045e+01,-1.054969999999999999e+02,-1.198509999999999991e+02,-1.310949999999999989e+02,-1.396490000000000009e+02,-1.456410000000000196e+02
4.993413433904166365e-01,-5.666940000000000310e+01,-8.146450000000000102e+01,-9.970090000000000430e+01,-1.137890000000000015e+02,-1.249850000000000136e+02,-1.337529999999999859e+02,-1.401920000000000073e+02
5.122667518572610046e-01,-5.278219999999999601e+01,-7.750780000000000314e+01,-9.476639999999999020e+01,-1.082590000000000003e+02,-1.192660000000000053e+02,-1.281400000000000148e+02,-1.349079999999999870e+02
5.251785546309820640e-01,-5.420790000000000219e+01,-7.511759999999999593e+01,-9.046769999999999357e+01,-1.031479999999999961e+02,-1.138889999999999958e+02,-1.227970000000000113e+02,-1.298040000000000020e+02
5.381039630978263766e-01,-5.838489999999999469e+01,-7.335679999999999268e+01,-8.647769999999999868e+01,-9.833450000000000557e+01,-1.088049999999999926e+02,-1.177079999999999984e+02,-1.248870000000000147e+02
5.510157658715474360e-01,-6.133420000000000982e+01,-7.113660000000000139e+01,-8.248550000000000182e+01,-9.371920000000000073e+01,-1.039759999999999991e+02,-1.128610000000000042e+02,-1.201590000000000060e+02
5.639275686452683845e-01,-6.025280000000000058e+01,-6.775809999999999889e+01,-7.831450000000000955e+01,-8.925090000000000146e+01,-9.938200000000000500e+01,-1.082450000000000045e+02,-1.156219999999999999e+02
5.768529771121128080e-01,-5.492820000000000391e+01,-6.318740000000000379e+01,-7.397870000000000346e+01,-8.493710000000000093e+01,-9.502019999999998845e+01,-1.038569999999999993e+02,-1.112740000000000009e+02
5.897647798858353108e-01,-4.710819999999999652e+01,-5.795250000000000057e+01,-6.965689999999999316e+01,-8.083299999999999841e+01,-9.090059999999999718e+01,-9.969310000000000116e+01,-1.071149999999999949e+02
6.026901883526797343e-01,-3.909080000000000155e+01,-5.283030000000000115e+01,-6.560999999999999943e+01,-7.701489999999999725e+01,-8.703780000000000427e+01,-9.575150000000000716e+01,-1.031400000000000006e+02
6.156019911264006828e-01,-3.264600000000000080e+01,-4.853879999999999484e+01,-6.208259999999999224e+01,-7.354799999999998761e+01,-8.343999999999999773e+01,-9.202629999999999200e+01,-9.934489999999999554e+01
6.285137939001217422e-01,-2.858289999999999864e+01,-4.555250000000000199e+01,-5.922350000000000136e+01,-7.045910000000000650e+01,-8.010119999999999152e+01,-8.850690000000000168e+01,-9.572090000000000032e+01
6.414392023669660547e-01,-2.721560000000000201e+01,-4.403130000000000166e+01,-5.703839999999999577e+01,-6.772229999999998995e+01,-7.699790000000000134e+01,-8.517669999999999675e+01,-9.225799999999999557e+01
6.543510051406871142e-01,-2.882280000000000086e+01,-4.377989999999999782e+01,-5.538089999999999691e+01,-6.526090000000000657e+01,-7.409130000000000393e+01,-8.201510000000000389e+01,-8.894469999999999743e+01
6.672764136075315378e-01,-3.283950000000000102e+01,-4.422579999999999956e+01,-5.398830000000000240e+01,-6.296630000000000393e+01,-7.133479999999998711e+01,-7.899970000000000425e+01,-8.576899999999999125e+01
6.801882163812524862e-01,-3.715789999999999793e+01,-4.454520000000000124e+01,-5.256130000000000280e+01,-6.072809999999999775e+01,-6.868410000000000082e+01,-7.611029999999999518e+01,-8.272019999999999129e+01
6.931136248480969098e-01,-3.920369999999999777e+01,-4.399939999999999429e+01,-5.086690000000000111e+01,-5.846440000000000481e+01,-6.610699999999999932e+01,-7.333180000000000121e+01,-7.978950000000000387e+01
7.060254276218178582e-01,-3.776420000000000243e+01,-4.229090000000000060e+01,-4.881510000000000105e+01,-5.614159999999999684e+01,-6.358829999999999671e+01,-7.065579999999999927e+01,-7.697069999999999368e+01
7.189372303955403609e-01,-3.365850000000000364e+01,-3.965449999999999875e+01,-4.646859999999999502e+01,-5.377550000000000097e+01,-6.113139999999999219e+01,-6.808100000000000307e+01,-7.426059999999999661e+01
7.318626388623832302e-01,-2.877369999999999806e+01,-3.663879999999999626e+01,-4.398729999999999762e+01,-5.141659999999999542e+01,-5.875300000000000011e+01,-6.561179999999998813e+01,-7.165779999999999461e+01
7.447744416361057329e-01,-2.479889999999999972e+01,-3.377400000000000091e+01,-4.154410000000000025e+01,-4.912819999999999965e+01,-5.647749999999999915e+01,-6.325600000000000733e+01,-6.916240000000000521e+01
7.576998501029501565e-01,-2.251609999999999800e+01,-3.133970000000000056e+01,-3.926350000000000051e+01,-4.696800000000000352e+01,-5.433039999999999736e+01,-6.102260000000000417e+01,-6.677459999999999241e+01
7.706116528766712159e-01,-2.150009999999999977e+01,-2.932559999999999789e+01,-3.720349999999999824e+01,-4.497919999999999874e+01,-5.233399999999999608e+01,-5.891929999999999978e+01,-6.449370000000000402e+01
7.835370613435155285e-01,-2.059130000000000038e+01,-2.757240000000000180e+01,-3.537990000000000634e+01,-4.319160000000000110e+01,-5.050540000000000163e+01,-5.695100000000000051e+01,-6.231700000000000728e+01
7.964488641172365879e-01,-1.910460000000000136e+01,-2.596909999999999741e+01,-3.380210000000000292e+01,-4.162569999999999482e+01,-4.885529999999999973e+01,-5.511880000000000024e+01,-6.023930000000000007e+01
8.093606668909575363e-01,-1.725739999999999696e+01,-2.454939999999999856e+01,-3.249439999999999884e+01,-4.029640000000000555e+01,-4.738820000000000476e+01,-5.341879999999999740e+01,-5.825179999999999580e+01
8.222860753578019599e-01,-1.556289999999999907e+01,-2.345049999999999812e+01,-3.149120000000000275e+01,-3.921110000000000184e+01,-4.610069999999999624e+01,-5.184179999999999922e+01,-5.634229999999999450e+01
8.351978781315229083e-01,-1.455180000000000007e+01,-2.281680000000000064e+01,-3.081500000000000128e+01,-3.836650000000000205e+01,-4.498130000000000450e+01,-5.037239999999999895e+01,-5.449429999999999552e+01
8.481232865983673319e-01,-1.476380000000000159e+01,-2.269859999999999900e+01,-3.045479999999999876e+01,-3.774429999999999552e+01,-4.400979999999999848e+01,-4.898960000000000292e+01,-5.268750000000000000e+01
8.610350893720883914e-01,-1.615340000000000131e+01,-2.297949999999999804e+01,-3.035929999999999751e+01,-3.731230000000000047e+01,-4.315760000000000218e+01,-4.766660000000000252e+01,-5.089799999999999613e+01
8.739468921458108941e-01,-1.763280000000000314e+01,-2.341379999999999839e+01,-3.045540000000000092e+01,-3.702890000000000015e+01,-4.238909999999999911e+01,-4.637150000000000460e+01,-4.909829999999999472e+01
8.868723006126552066e-01,-1.798470000000000013e+01,-2.379800000000000182e+01,-3.068039999999999878e+01,-3.684980000000000189e+01,-4.166329999999999956e+01,-4.506790000000000163e+01,-4.725800000000000267e+01
8.997841033863762661e-01,-1.722799999999999798e+01,-2.413240000000000052e+01,-3.100550000000000139e+01,-3.673109999999999786e+01,-4.093469999999999942e+01,-4.371560000000000201e+01,-4.534440000000000026e+01
9.127095118532205786e-01,-1.654800000000000182e+01,-2.459779999999999944e+01,-3.142799999999999727e+01,-3.662790000000000390e+01,-4.015319999999999823e+01,-4.227100000000000080e+01,-4.332329999999999615e+01
9.256213146269416381e-01,-1.696199999999999974e+01,-2.537529999999999930e+01,-3.194020000000000437e+01,-3.648689999999999856e+01,-3.926299999999999812e+01,-4.068809999999999860e+01,-4.115939999999999799e+01
9.385467230937860617e-01,-1.842379999999999995e+01,-2.649709999999999965e+01,-3.249779999999999802e+01,-3.624029999999999774e+01,-3.820259999999999678e+01,-3.891919999999999646e+01,-3.881790000000000163e+01
9.514585258675070101e-01,-2.027430000000000021e+01,-2.785090000000000288e+01,-3.300739999999999696e+01,-3.580280000000000484e+01,-3.690540000000000020e+01,-3.691599999999999682e+01,-3.626500000000000057e+01
9.643703286412279585e-01,-2.222020000000000195e+01,-2.926499999999999702e+01,-3.333259999999999934e+01,-3.507419999999999760e+01,-3.530230000000000246e+01,-3.463200000000000500e+01,-3.346940000000000026e+01
9.772957371080723821e-01,-2.446979999999999933e+01,-3.053769999999999740e+01,-3.330649999999999977e+01,-3.394669999999999987e+01,-3.332580000000000098e+01,-3.202490000000000236e+01,-3.040370000000000061e+01
9.902075398817934415e-01,-2.700840000000000174e+01,-3.139979999999999549e+01,-3.274819999999999709e+01,-3.231620000000000203e+01,-3.091590000000000060e+01,-2.905829999999999913e+01,-2.704560000000000031e+01
1.003132948348637754e+00,-2.916509999999999891e+01,-3.151360000000000383e+01,-3.148659999999999926e+01,-3.009400000000000119e+01,-2.802439999999999998e+01,-2.570509999999999806e+01,-2.337870000000000203e+01
1.016044751122360257e+00,-2.998969999999999914e+01,-3.056380000000000052e+01,-2.939020000000000010e+01,-2.721809999999999974e+01,-2.461970000000000169e+01,-2.194810000000000016e+01,-1.939349999999999952e+01
1.028970159589204680e+00,-2.889519999999999911e+01,-2.837099999999999866e+01,-2.639269999999999783e+01,-2.365960000000000107e+01,-2.068840000000000146e+01,-1.778129999999999811e+01,-1.508750000000000036e+01
1.041881962362925629e+00,-2.591359999999999886e+01,-2.493929999999999936e+01,-2.249960000000000093e+01,-1.942379999999999995e+01,-1.623529999999999873e+01,-1.320930000000000071e+01,-1.046499999999999986e+01
1.054793765136646799e+00,-2.146559999999999846e+01,-2.041900000000000048e+01,-1.777619999999999933e+01,-1.454400000000000048e+01,-1.128090000000000082e+01,-8.246430000000000149e+00,-5.536970000000000169e+00
1.067719173603491001e+00,-1.605419999999999803e+01,-1.503110000000000035e+01,-1.232240000000000002e+01,-9.072540000000000049e+00,-5.857479999999999798e+00,-2.915239999999999831e+00,-3.198010000000000019e-01
1.080630976377212171e+00,-1.015140000000000065e+01,-8.996159999999999712e+00,-6.244930000000000092e+00,-3.070310000000000095e+00,-5.434730000000000463e-03,2.755270000000000330e+00,5.164960000000000662e+00
1.093556384844056373e+00,-4.126050000000000217e+00,-2.477219999999999978e+00,3.656689999999999663e-01,3.401559999999999917e+00,6.230070000000000441e+00,8.730829999999999202e+00,1.089140000000000086e+01
1.106468187617777543e+00,1.902400000000000091e+00,4.460849999999999760e+00,7.446920000000000428e+00,1.028570000000000029e+01,1.280050000000000132e+01,1.497269999999999968e+01,1.682969999999999899e+01
1.119379990391498492e+00,8.170210000000000861e+00,1.185880000000000045e+01,1.496230000000000082e+01,1.752700000000000102e+01,1.965360000000000085e+01,2.143750000000000000e+01,2.294640000000000057e+01
1.132305398858342915e+00,1.521340000000000003e+01,1.981760000000000232e+01,2.288269999999999982e+01,2.506620000000000203e+01,2.673080000000000211e+01,2.807689999999999841e+01,2.920429999999999993e+01
1.145217201632065418e+00,2.355859999999999843e+01,2.840220000000000056e+01,3.115760000000000218e+01,3.282959999999999923e+01,3.396420000000000528e+01,3.483629999999999427e+01,3.556239999999999668e+01
1.158142610098909842e+00,3.326480000000000103e+01,3.753860000000000241e+01,3.968420000000000414e+01,4.071860000000000213e+01,4.127240000000000464e+01,4.165409999999999968e+01,4.197610000000000241e+01
1.171054412872630790e+00,4.370520000000000493e+01,4.696490000000000009e+01,4.828920000000000101e+01,4.860190000000000055e+01,4.855839999999999890e+01,4.846110000000000184e+01,4.839779999999999660e+01
1.183979821339475214e+00,5.382029999999999603e+01,5.626259999999999906e+01,5.672440000000000282e+01,5.631149999999999523e+01,5.570800000000000551e+01,5.518160000000000309e+01,5.477740000000000009e+01
1.196891624113196162e+00,6.263790000000000191e+01,6.493500000000000227e+01,6.467480000000000473e+01,6.364329999999999643e+01,6.259210000000000917e+01,6.173480000000000700e+01,6.106450000000000244e+01
1.209803426886917110e+00,6.970329999999999870e+01,7.246529999999999916e+01,7.176770000000000493e+01,7.036450000000000671e+01,6.907250000000000512e+01,6.803950000000000387e+01,6.721099999999999852e+01
1.222728835353761534e+00,7.503600000000000136e+01,7.829789999999999850e+01,7.758370000000000744e+01,7.622749999999999204e+01,7.501220000000000709e+01,7.402060000000000173e+01,7.317459999999999809e+01
1.235640638127482482e+00,7.839689999999998804e+01,8.175350000000000250e+01,8.168049999999999500e+01,8.099759999999999138e+01,8.029250000000000398e+01,7.961769999999999925e+01,7.892350000000000421e+01
1.248566046594326906e+00,7.837690000000000623e+01,8.200509999999999877e+01,8.366369999999999152e+01,8.449889999999999191e+01,8.483559999999999945e+01,8.479560000000000741e+01,8.444149999999999068e+01
1.261477849368047854e+00,7.240479999999999450e+01,7.833299999999999841e+01,8.333330000000000837e+01,8.667770000000000152e+01,8.863070000000000448e+01,8.955599999999999739e+01,8.973209999999998843e+01
1.274403257834892278e+00,5.864679999999999893e+01,7.076970000000000027e+01,8.088569999999999993e+01,8.766889999999999361e+01,9.175769999999999982e+01,9.394530000000000314e+01,9.482269999999999754e+01
1.287315060608613226e+00,3.934349999999999881e+01,6.076590000000000202e+01,7.705509999999999593e+01,8.783209999999999695e+01,9.439750000000000796e+01,9.805880000000000507e+01,9.976520000000000721e+01
1.300226863382335729e+00,2.130920000000000059e+01,5.104240000000000066e+01,7.303769999999998674e+01,8.772339999999999804e+01,9.682229999999999848e+01,1.020360000000000014e+02,1.046350000000000051e+02
1.313152271849180153e+00,1.075119999999999898e+01,4.436079999999999757e+01,7.015970000000000084e+01,8.799580000000000268e+01,9.936189999999999145e+01,1.060510000000000019e+02,1.095229999999999961e+02
1.326064074622901101e+00,9.189960000000001017e+00,4.228650000000000375e+01,6.947560000000000002e+01,8.926330000000000098e+01,1.023559999999999945e+02,1.102879999999999967e+02,1.145339999999999918e+02
1.338989483089745525e+00,1.491750000000000043e+01,4.500020000000000664e+01,7.154770000000000607e+01,9.198930000000000007e+01,1.061050000000000040e+02,1.149270000000000067e+02,1.197699999999999960e+02
1.351901285863466695e+00,2.567989999999999995e+01,5.189970000000000283e+01,7.648059999999999548e+01,9.644089999999999918e+01,1.108369999999999891e+02,1.201219999999999999e+02,1.253269999999999982e+02
1.364813088637187644e+00,3.988269999999999982e+01,6.222269999999999612e+01,8.409780000000000655e+01,1.027060000000000031e+02,1.166940000000000026e+02,1.259920000000000044e+02,1.312829999999999870e+02
1.377738497104032067e+00,5.678509999999999991e+01,7.536530000000000484e+01,9.411759999999999593e+01,1.107469999999999999e+02,1.237389999999999901e+02,1.326140000000000043e+02,1.376980000000000075e+02
1.390650299877753016e+00,7.631699999999999307e+01,9.095549999999998647e+01,1.062629999999999910e+02,1.204560000000000031e+02,1.319699999999999989e+02,1.400209999999999866e+02,1.446049999999999898e+02
1.403575708344597439e+00,9.877230000000000132e+01,1.088049999999999926e+02,1.203049999999999926e+02,1.316970000000000027e+02,1.413439999999999941e+02,1.482160000000000082e+02,1.520140000000000100e+02
1.416487511118318388e+00,1.244750000000000085e+02,1.288180000000000121e+02,1.360589999999999975e+02,1.443299999999999841e+02,1.517880000000000109e+02,1.571709999999999923e+02,1.599139999999999873e+02
1.429412919585162811e+00,1.535440000000000111e+02,1.509070000000000107e+02,1.533709999999999809e+02,1.582169999999999845e+02,1.632120000000000175e+02,1.668319999999999936e+02,1.682680000000000007e+02
1.442324722358885314e+00,1.858410000000000082e+02,1.749399999999999977e+02,1.720969999999999800e+02,1.732270000000000039e+02,1.755169999999999959e+02,1.771289999999999907e+02,1.770180000000000007e+02
1.455236525132606262e+00,2.210070000000000050e+02,2.007239999999999895e+02,1.920849999999999795e+02,1.892299999999999898e+02,1.885939999999999941e+02,1.879729999999999848e+02,1.860840000000000032e+02
1.468161933599450686e+00,2.585380000000000109e+02,2.280200000000000102e+02,2.131779999999999973e+02,2.060940000000000225e+02,2.023269999999999982e+02,1.992549999999999955e+02,1.953569999999999993e+02
1.481073736373171634e+00,2.978790000000000191e+02,2.565649999999999977e+02,2.352110000000000127e+02,2.236820000000000164e+02,2.165829999999999984e+02,2.108420000000000130e+02,2.046999999999999886e+02
1.493999144840016058e+00,3.385169999999999959e+02,2.860979999999999563e+02,2.580140000000000100e+02,2.418490000000000180e+02,2.312139999999999986e+02,2.225699999999999932e+02,2.139370000000000118e+02
