from_density_length_A,to_density_length_A,temperature_K,component,previous_kappa_W_mK,current_kappa_W_mK,signed_change_over_current,absolute_change_over_current,existing_strict_limit,change_over_limit,component_only_pass
45.0,60.0,300.0,xx,0.1320489838334474,0.13967743820082407,0.05461479295180585,0.05461479295180585,0.05,1.092295859036117,False
45.0,60.0,300.0,yy,0.14596505042788027,0.138418391158385,-0.05452063996943888,0.05452063996943888,0.05,1.0904127993887776,False
45.0,60.0,300.0,zz,0.08117056143608904,0.09151365963669428,0.1130224519669188,0.1130224519669188,0.05,2.260449039338376,False
45.0,60.0,300.0,trace/3,0.11972819856580556,0.12320316299863444,0.0282051560061603,0.0282051560061603,0.03,0.94017186687201,True
45.0,60.0,600.0,xx,0.06751525311618381,0.07129576942995738,0.05302581547265074,0.05302581547265074,0.05,1.0605163094530148,False
45.0,60.0,600.0,yy,0.07612614013997447,0.07235453113527796,-0.052126783845021556,0.052126783845021556,0.05,1.042535676900431,False
45.0,60.0,600.0,zz,0.04389188801610756,0.04905822149510086,0.1053102481407573,0.1053102481407573,0.05,2.106204962815146,False
45.0,60.0,600.0,trace/3,0.06251109375742193,0.06423617402011207,0.026855277248455395,0.026855277248455395,0.03,0.8951759082818466,True
45.0,60.0,900.0,xx,0.04521871764200894,0.04773475039664972,0.052708618642266336,0.052708618642266336,0.05,1.0541723728453267,False
45.0,60.0,900.0,yy,0.05118669371955415,0.04867239188975634,-0.051657659140580965,0.051657659140580965,0.05,1.0331531828116192,False
45.0,60.0,900.0,zz,0.029719811138138763,0.03316385022891971,0.10384919323322898,0.10384919323322898,0.05,2.0769838646645797,False
45.0,60.0,900.0,trace/3,0.04204174083323395,0.043190330838441926,0.026593683885043674,0.026593683885043674,0.03,0.8864561295014558,True
60.0,75.0,300.0,xx,0.13967743820082407,0.14232428945456294,0.01859732631641823,0.01859732631641823,0.05,0.37194652632836456,True
60.0,75.0,300.0,yy,0.138418391158385,0.13727922653678928,-0.008298157342039177,0.008298157342039177,0.05,0.16596314684078353,True
60.0,75.0,300.0,zz,0.09151365963669428,0.1135468509302332,0.19404493487077698,0.19404493487077698,0.05,3.8808986974155393,False
60.0,75.0,300.0,trace/3,0.12320316299863444,0.13105012230719515,0.059877542808900355,0.059877542808900355,0.03,1.9959180936300118,False
60.0,75.0,600.0,xx,0.07129576942995738,0.07259480338799039,0.017894310576064026,0.017894310576064026,0.05,0.35788621152128053,True
60.0,75.0,600.0,yy,0.07235453113527796,0.07180151528433036,-0.00770200808099494,0.00770200808099494,0.05,0.15404016161989878,True
60.0,75.0,600.0,zz,0.04905822149510086,0.060077827577092124,0.18342217963608715,0.18342217963608715,0.05,3.6684435927217427,False
60.0,75.0,600.0,trace/3,0.06423617402011207,0.06815804874980429,0.05754088917786803,0.05754088917786803,0.03,1.9180296392622678,False
60.0,75.0,900.0,xx,0.04773475039664972,0.04859754297405807,0.017753831255808962,0.017753831255808962,0.05,0.3550766251161792,True
60.0,75.0,900.0,yy,0.04867239188975634,0.04830597361396567,-0.007585361568713599,0.007585361568713599,0.05,0.15170723137427197,True
60.0,75.0,900.0,zz,0.03316385022891971,0.040511428092439315,0.18137049740023578,0.18137049740023578,0.05,3.6274099480047153,False
60.0,75.0,900.0,trace/3,0.043190330838441926,0.045804981560154355,0.057082235002729645,0.057082235002729645,0.03,1.9027411667576548,False
75.0,90.0,300.0,xx,0.14232428945456294,0.14292621493767332,0.004211442130282911,0.004211442130282911,0.05,0.08422884260565822,True
75.0,90.0,300.0,yy,0.13727922653678928,0.13891210006904556,0.01175472497676345,0.01175472497676345,0.05,0.235094499535269,True
75.0,90.0,300.0,zz,0.1135468509302332,0.1224715416150916,0.07287154686847394,0.07287154686847394,0.05,1.4574309373694787,False
75.0,90.0,300.0,trace/3,0.13105012230719515,0.13476995220727014,0.027601329815373554,0.027601329815373554,0.03,0.9200443271791185,True
75.0,90.0,600.0,xx,0.07259480338799039,0.07289526168442295,0.004121780887944431,0.004121780887944431,0.05,0.08243561775888861,True
75.0,90.0,600.0,yy,0.07180151528433036,0.07265893072758962,0.011800551352370648,0.011800551352370648,0.05,0.23601102704741295,True
75.0,90.0,600.0,zz,0.060077827577092124,0.06450249745215582,0.0685968768627239,0.0685968768627239,0.05,1.3719375372544778,False
75.0,90.0,600.0,trace/3,0.06815804874980429,0.07001889662138945,0.026576366686371207,0.026576366686371207,0.03,0.8858788895457069,True
75.0,90.0,900.0,xx,0.04859754297405807,0.048797817858441,0.004104177054882074,0.004104177054882074,0.05,0.08208354109764147,True
75.0,90.0,900.0,yy,0.04830597361396567,0.04888326026594636,0.011809495701391347,0.011809495701391347,0.05,0.23618991402782694,True
75.0,90.0,900.0,zz,0.040511428092439315,0.043456373200999036,0.06776785294388117,0.06776785294388117,0.05,1.3553570588776234,False
75.0,90.0,900.0,trace/3,0.045804981560154355,0.04704581710846214,0.02637504510649884,0.02637504510649884,0.03,0.8791681702166281,True
90.0,105.0,300.0,xx,0.14292621493767332,0.14668143120011198,0.02560117004391346,0.02560117004391346,0.05,0.5120234008782691,True
90.0,105.0,300.0,yy,0.13891210006904556,0.13927592601720257,0.002612267306785465,0.002612267306785465,0.05,0.052245346135709296,True
90.0,105.0,300.0,zz,0.1224715416150916,0.13637034256369127,0.10191952800960573,0.10191952800960573,0.05,2.0383905601921146,False
90.0,105.0,300.0,trace/3,0.13476995220727014,0.14077589992700193,0.042663181147100576,0.042663181147100576,0.03,1.422106038236686,False
90.0,105.0,600.0,xx,0.07289526168442295,0.07476551367226868,0.02501490187098683,0.02501490187098683,0.05,0.5002980374197366,True
90.0,105.0,600.0,yy,0.07265893072758962,0.07280798968914039,0.0020472885213172684,0.0020472885213172684,0.05,0.04094577042634537,True
90.0,105.0,600.0,zz,0.06450249745215582,0.07142505257449051,0.09692054640232899,0.09692054640232899,0.05,1.9384109280465796,False
90.0,105.0,600.0,trace/3,0.07001889662138945,0.07299951864529985,0.040830707917309174,0.040830707917309174,0.03,1.361023597243639,False
90.0,105.0,900.0,xx,0.048797817858441,0.050043769645036956,0.024897240864018788,0.024897240864018788,0.05,0.49794481728037576,True
90.0,105.0,900.0,yy,0.04888326026594636,0.04897815262351118,0.0019374425633045555,0.0019374425633045555,0.05,0.03874885126609111,True
90.0,105.0,900.0,zz,0.043456373200999036,0.04806817720674789,0.09594297669979972,0.09594297669979972,0.05,1.9188595339959942,False
90.0,105.0,900.0,trace/3,0.04704581710846214,0.04903003315843201,0.04046940053167462,0.04046940053167462,0.03,1.3489800177224873,False
