length_angstrom,mesh,temperature_K,component,kappa_W_mK,previous_length_angstrom,previous_kappa_W_mK,relative_change_abs_over_abs_current,denominator_abs_current_W_mK,relative_change_note
45.0,1x4x48,300.0,xx,0.1320489838334474,,,,,
45.0,1x4x48,300.0,yy,0.14596505042788027,,,,,
45.0,1x4x48,300.0,zz,0.08117056143608904,,,,,
45.0,1x4x48,300.0,yz,-1.1098610261941684e-17,,,,,
45.0,1x4x48,300.0,xz,2.258718211840969e-17,,,,,
45.0,1x4x48,300.0,xy,-1.397715132715331e-17,,,,,
45.0,1x4x48,300.0,trace_over_3,0.11972819856580556,,,,,
45.0,1x4x48,600.0,xx,0.06751525311618381,,,,,
45.0,1x4x48,600.0,yy,0.07612614013997447,,,,,
45.0,1x4x48,600.0,zz,0.04389188801610756,,,,,
45.0,1x4x48,600.0,yz,-6.007602582517547e-18,,,,,
45.0,1x4x48,600.0,xz,1.2215675655752895e-17,,,,,
45.0,1x4x48,600.0,xy,-7.320291973731756e-18,,,,,
45.0,1x4x48,600.0,trace_over_3,0.06251109375742193,,,,,
45.0,1x4x48,900.0,xx,0.04521871764200894,,,,,
45.0,1x4x48,900.0,yy,0.05118669371955415,,,,,
45.0,1x4x48,900.0,zz,0.029719811138138763,,,,,
45.0,1x4x48,900.0,yz,-4.068594752779782e-18,,,,,
45.0,1x4x48,900.0,xz,8.271658745591183e-18,,,,,
45.0,1x4x48,900.0,xy,-4.926161189158456e-18,,,,,
45.0,1x4x48,900.0,trace_over_3,0.04204174083323395,,,,,
60.0,1x1x440,300.0,xx,0.13967743820082407,45.0,0.1320489838334474,0.05461479295180585,0.13967743820082407,
60.0,1x1x440,300.0,yy,0.138418391158385,45.0,0.14596505042788027,0.05452063996943888,0.138418391158385,
60.0,1x1x440,300.0,zz,0.09151365963669428,45.0,0.08117056143608904,0.1130224519669188,0.09151365963669428,
60.0,1x1x440,300.0,yz,-1.243990028901563e-17,45.0,-1.1098610261941684e-17,,1.243990028901563e-17,not evaluated: off-diagonal value is numerical near-zero
60.0,1x1x440,300.0,xz,2.521480270619871e-17,45.0,2.258718211840969e-17,,2.521480270619871e-17,not evaluated: off-diagonal value is numerical near-zero
60.0,1x1x440,300.0,xy,-1.3083188326489204e-17,45.0,-1.397715132715331e-17,,1.3083188326489204e-17,not evaluated: off-diagonal value is numerical near-zero
60.0,1x1x440,300.0,trace_over_3,0.12320316299863444,45.0,0.11972819856580556,0.0282051560061603,0.12320316299863444,
60.0,1x1x440,600.0,xx,0.07129576942995738,45.0,0.06751525311618381,0.05302581547265074,0.07129576942995738,
60.0,1x1x440,600.0,yy,0.07235453113527796,45.0,0.07612614013997447,0.052126783845021556,0.07235453113527796,
60.0,1x1x440,600.0,zz,0.04905822149510086,45.0,0.04389188801610756,0.1053102481407573,0.04905822149510086,
60.0,1x1x440,600.0,yz,-6.6904248890387245e-18,45.0,-6.007602582517547e-18,,6.6904248890387245e-18,not evaluated: off-diagonal value is numerical near-zero
60.0,1x1x440,600.0,xz,1.3530233062530633e-17,45.0,1.2215675655752895e-17,,1.3530233062530633e-17,not evaluated: off-diagonal value is numerical near-zero
60.0,1x1x440,600.0,xy,-6.875343667192515e-18,45.0,-7.320291973731756e-18,,6.875343667192515e-18,not evaluated: off-diagonal value is numerical near-zero
60.0,1x1x440,600.0,trace_over_3,0.06423617402011207,45.0,0.06251109375742193,0.026855277248455395,0.06423617402011207,
60.0,1x1x440,900.0,xx,0.04773475039664972,45.0,0.04521871764200894,0.052708618642266336,0.04773475039664972,
60.0,1x1x440,900.0,yy,0.04867239188975634,45.0,0.05118669371955415,0.051657659140580965,0.04867239188975634,
60.0,1x1x440,900.0,zz,0.03316385022891971,45.0,0.029719811138138763,0.10384919323322898,0.03316385022891971,
60.0,1x1x440,900.0,yz,-4.525574061664416e-18,45.0,-4.068594752779782e-18,,4.525574061664416e-18,not evaluated: off-diagonal value is numerical near-zero
60.0,1x1x440,900.0,xz,9.148278862260799e-18,45.0,8.271658745591183e-18,,9.148278862260799e-18,not evaluated: off-diagonal value is numerical near-zero
60.0,1x1x440,900.0,xy,-4.6297926053839226e-18,45.0,-4.926161189158456e-18,,4.6297926053839226e-18,not evaluated: off-diagonal value is numerical near-zero
60.0,1x1x440,900.0,trace_over_3,0.043190330838441926,45.0,0.04204174083323395,0.026593683885043674,0.043190330838441926,
75.0,1x2x420,300.0,xx,0.14232428945456294,60.0,0.13967743820082407,0.01859732631641823,0.14232428945456294,
75.0,1x2x420,300.0,yy,0.13727922653678928,60.0,0.138418391158385,0.008298157342039177,0.13727922653678928,
75.0,1x2x420,300.0,zz,0.1135468509302332,60.0,0.09151365963669428,0.19404493487077698,0.1135468509302332,
75.0,1x2x420,300.0,yz,-1.543666579711412e-17,60.0,-1.243990028901563e-17,,1.543666579711412e-17,not evaluated: off-diagonal value is numerical near-zero
75.0,1x2x420,300.0,xz,3.1015519377639056e-17,60.0,2.521480270619871e-17,,3.1015519377639056e-17,not evaluated: off-diagonal value is numerical near-zero
75.0,1x2x420,300.0,xy,-1.2587342321959612e-17,60.0,-1.3083188326489204e-17,,1.2587342321959612e-17,not evaluated: off-diagonal value is numerical near-zero
75.0,1x2x420,300.0,trace_over_3,0.13105012230719515,60.0,0.12320316299863444,0.059877542808900355,0.13105012230719515,
75.0,1x2x420,600.0,xx,0.07259480338799039,60.0,0.07129576942995738,0.017894310576064026,0.07259480338799039,
75.0,1x2x420,600.0,yy,0.07180151528433036,60.0,0.07235453113527796,0.00770200808099494,0.07180151528433036,
75.0,1x2x420,600.0,zz,0.060077827577092124,60.0,0.04905822149510086,0.18342217963608715,0.060077827577092124,
75.0,1x2x420,600.0,yz,-8.175074276213696e-18,60.0,-6.6904248890387245e-18,,8.175074276213696e-18,not evaluated: off-diagonal value is numerical near-zero
75.0,1x2x420,600.0,xz,1.6425549027298983e-17,60.0,1.3530233062530633e-17,,1.6425549027298983e-17,not evaluated: off-diagonal value is numerical near-zero
75.0,1x2x420,600.0,xy,-6.633858430620617e-18,60.0,-6.875343667192515e-18,,6.633858430620617e-18,not evaluated: off-diagonal value is numerical near-zero
75.0,1x2x420,600.0,trace_over_3,0.06815804874980429,60.0,0.06423617402011207,0.05754088917786803,0.06815804874980429,
75.0,1x2x420,900.0,xx,0.04859754297405807,60.0,0.04773475039664972,0.017753831255808962,0.04859754297405807,
75.0,1x2x420,900.0,yy,0.04830597361396567,60.0,0.04867239188975634,0.007585361568713599,0.04830597361396567,
75.0,1x2x420,900.0,zz,0.040511428092439315,60.0,0.03316385022891971,0.18137049740023578,0.040511428092439315,
75.0,1x2x420,900.0,yz,-5.513542215265364e-18,60.0,-4.525574061664416e-18,,5.513542215265364e-18,not evaluated: off-diagonal value is numerical near-zero
75.0,1x2x420,900.0,xz,1.1077992483608247e-17,60.0,9.148278862260799e-18,,1.1077992483608247e-17,not evaluated: off-diagonal value is numerical near-zero
75.0,1x2x420,900.0,xy,-4.469672765020531e-18,60.0,-4.6297926053839226e-18,,4.469672765020531e-18,not evaluated: off-diagonal value is numerical near-zero
75.0,1x2x420,900.0,trace_over_3,0.045804981560154355,60.0,0.043190330838441926,0.057082235002729645,0.045804981560154355,
90.0,2x8x96,300.0,xx,0.14292621493767332,75.0,0.14232428945456294,0.004211442130282911,0.14292621493767332,
90.0,2x8x96,300.0,yy,0.13891210006904556,75.0,0.13727922653678928,0.01175472497676345,0.13891210006904556,
90.0,2x8x96,300.0,zz,0.1224715416150916,75.0,0.1135468509302332,0.07287154686847394,0.1224715416150916,
90.0,2x8x96,300.0,yz,-1.6840272195292938e-17,75.0,-1.543666579711412e-17,,1.6840272195292938e-17,not evaluated: off-diagonal value is numerical near-zero
90.0,2x8x96,300.0,xz,3.3286212956618865e-17,75.0,3.1015519377639056e-17,,3.3286212956618865e-17,not evaluated: off-diagonal value is numerical near-zero
90.0,2x8x96,300.0,xy,-1.3047265310209703e-17,75.0,-1.2587342321959612e-17,,1.3047265310209703e-17,not evaluated: off-diagonal value is numerical near-zero
90.0,2x8x96,300.0,trace_over_3,0.13476995220727014,75.0,0.13105012230719515,0.027601329815373554,0.13476995220727014,
90.0,2x8x96,600.0,xx,0.07289526168442295,75.0,0.07259480338799039,0.004121780887944431,0.07289526168442295,
90.0,2x8x96,600.0,yy,0.07265893072758962,75.0,0.07180151528433036,0.011800551352370648,0.07265893072758962,
90.0,2x8x96,600.0,zz,0.06450249745215582,75.0,0.060077827577092124,0.0685968768627239,0.06450249745215582,
90.0,2x8x96,600.0,yz,-8.876408821255625e-18,75.0,-8.175074276213696e-18,,8.876408821255625e-18,not evaluated: off-diagonal value is numerical near-zero
90.0,2x8x96,600.0,xz,1.7556477451506364e-17,75.0,1.6425549027298983e-17,,1.7556477451506364e-17,not evaluated: off-diagonal value is numerical near-zero
90.0,2x8x96,600.0,xy,-6.870177525261747e-18,75.0,-6.633858430620617e-18,,6.870177525261747e-18,not evaluated: off-diagonal value is numerical near-zero
90.0,2x8x96,600.0,trace_over_3,0.07001889662138945,75.0,0.06815804874980429,0.026576366686371207,0.07001889662138945,
90.0,2x8x96,900.0,xx,0.048797817858441,75.0,0.04859754297405807,0.004104177054882074,0.048797817858441,
90.0,2x8x96,900.0,yy,0.04888326026594636,75.0,0.04830597361396567,0.011809495701391347,0.04888326026594636,
90.0,2x8x96,900.0,zz,0.043456373200999036,75.0,0.040511428092439315,0.06776785294388117,0.043456373200999036,
90.0,2x8x96,900.0,yz,-5.981089342993647e-18,75.0,-5.513542215265364e-18,,5.981089342993647e-18,not evaluated: off-diagonal value is numerical near-zero
90.0,2x8x96,900.0,xz,1.1831428740869e-17,75.0,1.1077992483608247e-17,,1.1831428740869e-17,not evaluated: off-diagonal value is numerical near-zero
90.0,2x8x96,900.0,xy,-4.628115188145574e-18,75.0,-4.469672765020531e-18,,4.628115188145574e-18,not evaluated: off-diagonal value is numerical near-zero
90.0,2x8x96,900.0,trace_over_3,0.04704581710846214,75.0,0.045804981560154355,0.02637504510649884,0.04704581710846214,
105.0,1x1x2736,300.0,xx,0.14668143120011198,90.0,0.14292621493767332,0.02560117004391346,0.14668143120011198,
105.0,1x1x2736,300.0,yy,0.13927592601720257,90.0,0.13891210006904556,0.002612267306785465,0.13927592601720257,
105.0,1x1x2736,300.0,zz,0.13637034256369127,90.0,0.1224715416150916,0.10191952800960573,0.13637034256369127,
105.0,1x1x2736,300.0,yz,-1.896471513168769e-17,90.0,-1.6840272195292938e-17,,1.896471513168769e-17,not evaluated: off-diagonal value is numerical near-zero
105.0,1x1x2736,300.0,xz,3.752741468269432e-17,90.0,3.3286212956618865e-17,,3.752741468269432e-17,not evaluated: off-diagonal value is numerical near-zero
105.0,1x1x2736,300.0,xy,-1.2523744370588163e-17,90.0,-1.3047265310209703e-17,,1.2523744370588163e-17,not evaluated: off-diagonal value is numerical near-zero
105.0,1x1x2736,300.0,trace_over_3,0.14077589992700193,90.0,0.13476995220727014,0.042663181147100576,0.14077589992700193,
105.0,1x1x2736,600.0,xx,0.07476551367226868,90.0,0.07289526168442295,0.02501490187098683,0.07476551367226868,
105.0,1x1x2736,600.0,yy,0.07280798968914039,90.0,0.07265893072758962,0.0020472885213172684,0.07280798968914039,
105.0,1x1x2736,600.0,zz,0.07142505257449051,90.0,0.06450249745215582,0.09692054640232899,0.07142505257449051,
105.0,1x1x2736,600.0,yz,-9.935360795261291e-18,90.0,-8.876408821255625e-18,,9.935360795261291e-18,not evaluated: off-diagonal value is numerical near-zero
105.0,1x1x2736,600.0,xz,1.9670235212159394e-17,90.0,1.7556477451506364e-17,,1.9670235212159394e-17,not evaluated: off-diagonal value is numerical near-zero
105.0,1x1x2736,600.0,xy,-6.609054239750726e-18,90.0,-6.870177525261747e-18,,6.609054239750726e-18,not evaluated: off-diagonal value is numerical near-zero
105.0,1x1x2736,600.0,trace_over_3,0.07299951864529985,90.0,0.07001889662138945,0.040830707917309174,0.07299951864529985,
105.0,1x1x2736,900.0,xx,0.050043769645036956,90.0,0.048797817858441,0.024897240864018788,0.050043769645036956,
105.0,1x1x2736,900.0,yy,0.04897815262351118,90.0,0.04888326026594636,0.0019374425633045555,0.04897815262351118,
105.0,1x1x2736,900.0,zz,0.04806817720674789,90.0,0.043456373200999036,0.09594297669979972,0.04806817720674789,
105.0,1x1x2736,900.0,yz,-6.686679009281712e-18,90.0,-5.981089342993647e-18,,6.686679009281712e-18,not evaluated: off-diagonal value is numerical near-zero
105.0,1x1x2736,900.0,xz,1.3239808858186755e-17,90.0,1.1831428740869e-17,,1.3239808858186755e-17,not evaluated: off-diagonal value is numerical near-zero
105.0,1x1x2736,900.0,xy,-4.454108764089068e-18,90.0,-4.628115188145574e-18,,4.454108764089068e-18,not evaluated: off-diagonal value is numerical near-zero
105.0,1x1x2736,900.0,trace_over_3,0.04903003315843201,90.0,0.04704581710846214,0.04046940053167462,0.04903003315843201,
