E_minus_EF_eV,QE_dosx_DOS_states_eV-1_cell-1,BoltzTraP2_DOS_states_eV-1_cell-1,BoltzTraP2_DOS_broadened_states_eV-1_cell-1
-6.000000000000000000e+00,1.560671199092939420e-04,3.553260611776480338e-01,1.985096833224320456e-01
-5.980000000000000426e+00,8.501080637545401940e-04,3.553260611776480338e-01,2.384380885233839398e-01
-5.960000000000000853e+00,3.974534650293539556e-03,3.553260611776480338e-01,2.735075319945113326e-01
-5.940000000000001279e+00,1.598452442581713845e-02,3.553260611776480338e-01,3.017567907685436146e-01
-5.920000000000001705e+00,5.541834769859295406e-02,3.553260611776480338e-01,3.226265055189534436e-01
-5.900000000000002132e+00,1.660945504205116885e-01,3.553260611776480338e-01,3.367667605531373676e-01
-5.880000000000002558e+00,4.316911184120404976e-01,3.553260611776480338e-01,3.455905600764790364e-01
-5.860000000000002984e+00,9.766705209966204393e-01,3.553260611776480338e-01,3.508707173104713695e-01
-5.840000000000003411e+00,1.933230438443749755e+00,3.553260611776480338e-01,3.544664498180291057e-01
-5.820000000000003837e+00,3.370132884872664825e+00,3.553260611776480338e-01,3.586043075334263142e-01
-5.800000000000004263e+00,5.216156623448772400e+00,3.553260611776480338e-01,3.668165956259951677e-01
-5.780000000000004690e+00,7.234810817104449399e+00,3.553260611776480338e-01,3.858160345636802990e-01
-5.760000000000005116e+00,9.077455208408428788e+00,3.553260611776480338e-01,4.284221202359117520e-01
-5.740000000000005542e+00,1.038773005479210276e+01,3.553260611776480338e-01,5.169422664443408255e-01
-5.720000000000005969e+00,1.091738322537713479e+01,3.553260611776480338e-01,6.864428058695491996e-01
-5.700000000000006395e+00,1.063144774955587124e+01,3.553260611776480338e-01,9.850856508311720550e-01
-5.680000000000006821e+00,9.773255753215849495e+00,3.553260611776480338e-01,1.469123837420805323e+00
-5.660000000000007248e+00,8.814821428349100430e+00,3.553260611776480338e-01,2.190772911929448341e+00
-5.640000000000007674e+00,8.268859614684904713e+00,3.553260611776480338e-01,3.180222675266588084e+00
-5.620000000000008100e+00,8.460519476819369444e+00,3.553260611776480338e-01,4.427619054627506934e+00
-5.600000000000008527e+00,9.400431469832108533e+00,1.871843108277777334e+00,5.873197864683005420e+00
-5.580000000000008953e+00,1.083098320874082710e+01,8.157211204714371888e+00,7.412092399188727754e+00
-5.560000000000009379e+00,1.237317933895372590e+01,1.364137151276966620e+01,8.914218843042723606e+00
-5.540000000000009805e+00,1.368369289152670909e+01,1.562977604773432638e+01,1.025229420009501347e+01
-5.520000000000010232e+00,1.456943999334545303e+01,1.344657688736144863e+01,1.132620108569634176e+01
-5.500000000000010658e+00,1.498953290150850037e+01,1.111651888438773206e+01,1.207594526943317170e+01
-5.480000000000011084e+00,1.499308387311437940e+01,1.475948843855812953e+01,1.248143874206761872e+01
-5.460000000000011511e+00,1.468009290816308088e+01,1.431502620476581455e+01,1.255621810882126432e+01
-5.440000000000011937e+00,1.413752258762176162e+01,1.559401253762039907e+01,1.234084832072468174e+01
-5.420000000000012363e+00,1.341798968611328746e+01,1.462817808913144191e+01,1.189896930380913354e+01
-5.400000000000012790e+00,1.256018581632622677e+01,1.105493864846840424e+01,1.131468487669548750e+01
-5.380000000000013216e+00,1.163149420363768272e+01,9.636115592175997335e+00,1.068620560179741119e+01
-5.360000000000013642e+00,1.072626065439194498e+01,7.817173345908258852e+00,1.011504016849560372e+01
-5.340000000000014069e+00,9.951873039374268259e+00,6.736953418681670414e+00,9.691476244045905020e+00
-5.320000000000014495e+00,9.440541680789630519e+00,8.783272463775920968e+00,9.480115620593775105e+00
-5.300000000000014921e+00,9.327752514529761285e+00,1.030445577415179592e+01,9.507767733877379612e+00
-5.280000000000015348e+00,9.684916638420725477e+00,5.343719370656710765e+00,9.755825490785309029e+00
-5.260000000000015774e+00,1.046154321539502519e+01,6.036185034706913477e+00,1.015965001764324604e+01
-5.240000000000016200e+00,1.145327224711639325e+01,8.883151529441203564e+00,1.061739390740088673e+01
-5.220000000000016627e+00,1.235158966947659920e+01,1.980063367360106241e+01,1.101149776117759238e+01
-5.200000000000017053e+00,1.287429935226267652e+01,1.423689240204581807e+01,1.123773238889183546e+01
-5.180000000000017479e+00,1.286658839063883519e+01,1.070168048500716473e+01,1.123500881715984434e+01
-5.160000000000017906e+00,1.233233549245780125e+01,1.545433198913222839e+01,1.100481304124282644e+01
-5.140000000000018332e+00,1.140196130212947700e+01,1.125428204488887474e+01,1.061256150948249655e+01
-5.120000000000018758e+00,1.028631639929009900e+01,1.099172439196198070e+01,1.016927405383392014e+01
-5.100000000000019185e+00,9.269826073757762686e+00,4.966675427265064613e+00,9.799139362992942637e+00
-5.080000000000019611e+00,8.660013680456971841e+00,5.483078628383053044e+00,9.602144575794842041e+00
-5.060000000000020037e+00,8.685131350266182437e+00,6.697462368864232296e+00,9.625492464982002616e+00
-5.040000000000020464e+00,9.361449795696495713e+00,8.743061438578491718e+00,9.852652857570841860e+00
-5.020000000000020890e+00,1.045471172892624701e+01,9.290535505811744699e+00,1.021596518414198407e+01
-5.000000000000021316e+00,1.156588902173901978e+01,1.139693399366906590e+01,1.062770595001891927e+01
-4.980000000000021743e+00,1.232859870452523410e+01,1.961290221113389975e+01,1.101899889467748750e+01
-4.960000000000022169e+00,1.257392516193434595e+01,9.975541554317294057e+00,1.137011874641708964e+01
-4.940000000000022595e+00,1.239658839063891627e+01,1.169388287113299540e+01,1.171939550708969513e+01
-4.920000000000023022e+00,1.212308387311449920e+01,1.046385803577461893e+01,1.214408132493455739e+01
-4.900000000000023448e+00,1.211864515860687064e+01,1.014594052061436358e+01,1.272043752078730527e+01
-4.880000000000023874e+00,1.262504773291908400e+01,7.341968239210651781e+00,1.347874959755475466e+01
-4.860000000000024301e+00,1.366060901841142616e+01,1.108857703772127401e+01,1.437602164487766032e+01
-4.840000000000024727e+00,1.500710450088693371e+01,1.203834999120376636e+01,1.530038672391501287e+01
-4.820000000000025153e+00,1.628369289152585964e+01,2.507990817163264197e+01,1.611060569366015827e+01
-4.800000000000025580e+00,1.707383225377095570e+01,2.636189354365984627e+01,1.669473184511435804e+01
-4.780000000000026006e+00,1.716528000332751347e+01,2.479751137027776764e+01,1.701912317107069228e+01
-4.760000000000026432e+00,1.669013936224514083e+01,1.222039944506254727e+01,1.714356462188657559e+01
-4.740000000000026859e+00,1.605663484472070834e+01,1.259627726246935531e+01,1.719300220990951544e+01
-4.720000000000027285e+00,1.571392516193436251e+01,1.292561563076018594e+01,1.729951310074772408e+01
-4.700000000000027711e+00,1.590163612355791578e+01,1.436848347114216118e+01,1.754189155961811863e+01
-4.680000000000028137e+00,1.656808515195169917e+01,1.412376331838930277e+01,1.791026128134643614e+01
-4.660000000000028564e+00,1.744243095829595092e+01,2.087355912958169313e+01,1.830851273028689263e+01
-4.640000000000028990e+00,1.820074838065632861e+01,2.611704855955024485e+01,1.858977452966937705e+01
-4.620000000000029416e+00,1.858345806344271978e+01,2.229838016363241948e+01,1.860935458424144784e+01
-4.600000000000029843e+00,1.841836387644215378e+01,1.486604095189414743e+01,1.827698504232933985e+01
-4.580000000000030269e+00,1.765630710847442941e+01,2.672647542474999938e+01,1.759283905951540206e+01
-4.560000000000030695e+00,1.640551227373639520e+01,2.350171574210581582e+01,1.665984736335527217e+01
-4.540000000000031122e+00,1.494116646739215248e+01,1.288317159203378637e+01,1.566912920452297975e+01
-4.520000000000031548e+00,1.365369033385158382e+01,7.554933364491315473e+00,1.486043797906637565e+01
-4.500000000000031974e+00,1.293397161601615863e+01,7.616841972113581605e+00,1.446680109194823238e+01
-4.480000000000032401e+00,1.306116902506611410e+01,8.688459890803041930e+00,1.465465420007224573e+01
-4.460000000000032827e+00,1.417878707852593223e+01,9.717367528103205032e+00,1.547798170400511886e+01
-4.440000000000033253e+00,1.628729287488726385e+01,1.255207006532661396e+01,1.685911132669675183e+01
-4.420000000000033680e+00,1.917934964285485933e+01,1.440346789432368446e+01,1.860485400894354768e+01
-4.400000000000034106e+00,2.236458319210062129e+01,2.199944746267101792e+01,2.045194816349351186e+01
-4.380000000000034532e+00,2.514822707187052231e+01,2.887944999843838190e+01,2.213094818130614527e+01
-4.360000000000034959e+00,2.692934708518108522e+01,4.144390683514978946e+01,2.342657656540250954e+01
-4.340000000000035385e+00,2.750523354924584751e+01,2.444491265492441201e+01,2.421470969677238116e+01
-4.320000000000035811e+00,2.711233549245851293e+01,1.931731589057395482e+01,2.446793858856279513e+01
-4.300000000000036238e+00,2.617761549578618485e+01,2.256244742150326488e+01,2.423642981489799908e+01
-4.280000000000036664e+00,2.499808259427791413e+01,3.185468686023779838e+01,2.361923041958894132e+01
-4.260000000000037090e+00,2.364985808008114532e+01,2.970266604527022025e+01,2.274372260250937217e+01
-4.240000000000037517e+00,2.216074582298277207e+01,1.618718890144646494e+01,2.175322313291489351e+01
-4.220000000000037943e+00,2.069027872449105487e+01,1.720425515640927472e+01,2.079940790698662667e+01
-4.200000000000038369e+00,1.951887742901592304e+01,2.151808750964512029e+01,2.002902642244300679e+01
-4.180000000000038796e+00,1.894915871118026374e+01,1.846957242989350689e+01,1.955968742089583401e+01
-4.160000000000039222e+00,1.915247741237734402e+01,6.922448090806732068e+00,1.945458444518792973e+01
-4.140000000000039648e+00,2.003715095496775334e+01,1.791284640501901038e+01,1.970574380803263637e+01
-4.120000000000040075e+00,2.127930063109893055e+01,2.107682696930944743e+01,2.023759320547147667e+01
-4.100000000000040501e+00,2.244588902173808620e+01,1.909137867041386372e+01,2.093489338042374470e+01
-4.080000000000040927e+00,2.320425289818049919e+01,2.875196359571668125e+01,2.168312918928869593e+01
-4.060000000000041354e+00,2.352214967613118901e+01,2.857216593886273515e+01,2.240629672043732512e+01
-4.040000000000041780e+00,2.365518709516398488e+01,1.785339528130761622e+01,2.308522440419196897e+01
-4.020000000000042206e+00,2.397032773624605895e+01,2.481663110146729068e+01,2.374590557951516701e+01
-4.000000000000042633e+00,2.473065547249209573e+01,1.851092875163293172e+01,2.442884552959812794e+01
-3.980000000000043059e+00,2.592972127550856243e+01,2.559032629871516917e+01,2.515607921472177111e+01
-3.960000000000043485e+00,2.727930063109867831e+01,2.466015964055711507e+01,2.591327413559910653e+01
-3.940000000000043912e+00,2.839373934560675394e+01,2.196774527336697247e+01,2.665713769014431733e+01
-3.920000000000044338e+00,2.898864515860661228e+01,4.263640550315116684e+01,2.734084569945002841e+01
-3.900000000000044764e+00,2.905177548580324043e+01,2.883011203300493719e+01,2.794737758322875010e+01
-3.880000000000045191e+00,2.885439226042619154e+01,2.225014949927220442e+01,2.851032631528806505e+01
-3.860000000000045617e+00,2.876476645075410943e+01,2.937104456486582293e+01,2.911571509974387695e+01
-3.840000000000046043e+00,2.904901934893449678e+01,2.160138379634372896e+01,2.988639389546872849e+01
-3.820000000000046469e+00,2.981630966614765654e+01,3.978321586025953138e+01,3.095006689429465752e+01
-3.800000000000046896e+00,3.114009546583621457e+01,3.598128812061727899e+01,3.239145881570262020e+01
-3.780000000000047322e+00,3.313733932896737144e+01,1.240205294749165255e+01,3.420772969177593126e+01
-3.760000000000047748e+00,3.576462964618045248e+01,2.295788112052627383e+01,3.627409215941931109e+01
-3.740000000000048175e+00,3.860075093832792703e+01,4.823594956693143132e+01,3.834970702519700581e+01
-3.720000000000048601e+00,4.087574965949180239e+01,4.988064359392188152e+01,4.013639737587618583e+01
-3.700000000000049027e+00,4.183303741903278450e+01,5.469186147417590149e+01,4.137550730167396296e+01
-3.680000000000049454e+00,4.120247485470498816e+01,5.008460447305485985e+01,4.194476769393347837e+01
-3.660000000000049880e+00,3.934308131544278098e+01,6.082629471621351769e+01,4.190831260599693309e+01
-3.640000000000050306e+00,3.704219357254118705e+01,2.837128159390674398e+01,4.148580096434996278e+01
-3.620000000000050733e+00,3.513116646739360505e+01,2.444005787076741498e+01,4.094865292573706483e+01
-3.600000000000051159e+00,3.411747613354103947e+01,4.419486629202521044e+01,4.048699846854979256e+01
-3.580000000000051585e+00,3.404079483473764611e+01,2.762229768131211927e+01,4.010640432790552268e+01
-3.560000000000052012e+00,3.449771096162285033e+01,2.790024221691143325e+01,3.960762620314093141e+01
-3.540000000000052438e+00,3.479827096827870037e+01,7.409317279738199602e+01,3.866260861884098432e+01
-3.520000000000052864e+00,3.414854969277081409e+01,3.135283740910312389e+01,3.695809583617902661e+01
-3.500000000000053291e+00,3.196672519521388978e+01,5.891234100381509364e+01,3.434965641954971716e+01
-3.480000000000053717e+00,2.818962069432909345e+01,5.756165034807195013e+01,3.095430945874684525e+01
-3.460000000000054143e+00,2.345317166593585512e+01,1.111689264762222251e+01,2.714040735762448975e+01
-3.440000000000054570e+00,1.889994843057499097e+01,3.595862370249693463e+00,2.341769066817630573e+01
-3.420000000000054996e+00,1.563653937888594214e+01,7.078076418851056317e+00,2.027438385292995093e+01
-3.400000000000055422e+00,1.422224258429519494e+01,5.101086356095301255e+00,1.803382692878868809e+01
-3.380000000000055849e+00,1.444285160270458057e+01,9.391279864051375270e+00,1.679240836096157707e+01
-3.360000000000056275e+00,1.555364643744212394e+01,1.699744400418869716e+01,1.644856127896499132e+01
-3.340000000000056701e+00,1.675196385980286351e+01,2.590949286986252886e+01,1.679537549627740844e+01
-3.320000000000057128e+00,1.763551483140954801e+01,2.255386741511401993e+01,1.761696667167074182e+01
-3.300000000000057554e+00,1.831116902506527566e+01,1.207279469055658083e+01,1.874968951233820036e+01
-3.280000000000057980e+00,1.916369289152408228e+01,7.142497372436252157e+00,2.008955371642154830e+01
-3.260000000000058407e+00,2.045794578970415500e+01,2.010544756007536904e+01,2.156646141662238847e+01
-3.240000000000058833e+00,2.211789933562203458e+01,2.949735435594150346e+01,2.311884804904142143e+01
-3.220000000000059259e+00,2.389920772293348250e+01,3.340382359073803542e+01,2.468423611590086608e+01
-3.200000000000059686e+00,2.563878707852364514e+01,2.706686573186256695e+01,2.619868422717864576e+01
-3.180000000000060112e+00,2.736486191658916312e+01,1.878091491953003711e+01,2.759820428253994251e+01
-3.160000000000060538e+00,2.915528256099892346e+01,2.642698444381264622e+01,2.880529017383924284e+01
-3.140000000000060965e+00,3.090705804680226976e+01,4.206263798859036740e+01,2.971382109480013867e+01
-3.120000000000061391e+00,3.227458063442559677e+01,2.517739925000694612e+01,3.019238498541589166e+01
-3.100000000000061817e+00,3.277046709849191330e+01,2.977726960958037239e+01,3.011831177609491661e+01
-3.080000000000062244e+00,3.197163356588634997e+01,4.174413222430231230e+01,2.943785831208025527e+01
-3.060000000000062670e+00,2.977233293478894893e+01,5.297481896804210777e+01,2.822448846009452339e+01
-3.040000000000063096e+00,2.660200519854348400e+01,2.554400754316949929e+01,2.669618109492092017e+01
-3.020000000000063523e+00,2.340579099823162679e+01,1.154362596112814288e+01,2.516911689325984369e+01
-3.000000000000063949e+00,2.124373678793540421e+01,9.690625483620504355e+00,2.395470522930796520e+01
-2.980000000000064375e+00,2.074163612355697595e+01,9.981157184385269332e+00,2.324408734178711100e+01
-2.960000000000064801e+00,2.176878707852321426e+01,1.955266624981305057e+01,2.303629004376371725e+01
-2.940000000000065228e+00,2.351659094830996466e+01,2.132726632552901336e+01,2.314676661246116041e+01
-2.920000000000065654e+00,2.493112257098283635e+01,3.785828095102351654e+01,2.329349677633228310e+01
-2.900000000000066080e+00,2.522270968278732539e+01,3.640046704416540990e+01,2.321929709028816902e+01
-2.880000000000066507e+00,2.420555872782119167e+01,2.618137921555433678e+01,2.279038640169162022e+01
-2.860000000000066933e+00,2.229826841060857845e+01,2.548900024263110708e+01,2.203040811144836297e+01
-2.840000000000067359e+00,2.023864260093620970e+01,1.389116935957956045e+01,2.108550434282157227e+01
-2.820000000000067786e+00,1.867892388309945417e+01,7.794893551669901832e+00,2.014902821705721436e+01
-2.800000000000068212e+00,1.787920516526266113e+01,1.509082630854297236e+01,1.938760190775297687e+01
-2.780000000000068638e+00,1.773953290150803497e+01,2.877645335770845492e+01,1.890110119081091256e+01
-2.760000000000069065e+00,1.803859870452409453e+01,2.022880470585101520e+01,1.871656013603333335e+01
-2.740000000000069491e+00,1.866201031388439091e+01,1.365839326081116312e+01,1.880139808879527052e+01
-2.720000000000069917e+00,1.959369289152341764e+01,1.167867725515350052e+01,1.907628700965948099e+01
-2.700000000000070344e+00,2.067500127883488759e+01,1.217148903280551586e+01,1.942531185795958848e+01
-2.680000000000070770e+00,2.153205676796657642e+01,2.857161363923214381e+01,1.970732214645317626e+01
-2.660000000000071196e+00,2.176873806677072665e+01,3.387634299130380811e+01,1.977647747876046580e+01
-2.640000000000071623e+00,2.122845678460766905e+01,1.724720123862242005e+01,1.951090115681079951e+01
-2.620000000000072049e+00,2.004116646739515417e+01,1.528112327666549142e+01,1.883817870871576972e+01
-2.600000000000072475e+00,1.843644647072342835e+01,2.450909589079440210e+01,1.774936826348405461e+01
-2.580000000000072902e+00,1.653910969942871034e+01,2.249598642361812040e+01,1.629599604759095755e+01
-2.560000000000073328e+00,1.438915615351101174e+01,1.472058668149597516e+01,1.457476921412798987e+01
-2.540000000000073754e+00,1.207004389641280717e+01,1.022108933210063775e+01,1.270574153540608897e+01
-2.520000000000074181e+00,9.762188927135635907e+00,7.519292611282340388e+00,1.080889551495589984e+01
-2.500000000000074607e+00,7.676427633323780420e+00,8.204105662072853633e+00,8.985776443699409199e+00
-2.480000000000075033e+00,5.937395371233168184e+00,6.506276346688077972e+00,7.309159679411647126e+00
-2.460000000000075460e+00,4.553806980593409826e+00,5.953924850102600530e+00,5.821746370922934233e+00
-2.440000000000075886e+00,3.467625042371779820e+00,2.451080793837699723e+00,4.540905439145517697e+00
-2.420000000000076312e+00,2.609064524181368139e+00,1.105491421545773401e+00,3.466632237841740682e+00
-2.400000000000076739e+00,1.923817038710684768e+00,2.104608034167809283e+00,2.587946634292922710e+00
-2.380000000000077165e+00,1.377139618013796252e+00,9.461768818782962942e-01,1.886899372778132689e+00
-2.360000000000077591e+00,9.460317975498870879e-01,6.411774222408050949e-01,1.341602120431985457e+00
-2.340000000000078018e+00,6.137043384879539154e-01,6.346744404781732296e-01,9.282320691099515964e-01
-2.320000000000078444e+00,3.698006988914435134e-01,0.000000000000000000e+00,6.252809648725276004e-01
-2.300000000000078870e+00,2.034124658721591927e-01,0.000000000000000000e+00,4.132046642332368735e-01
-2.280000000000079297e+00,1.007623439975536966e-01,0.000000000000000000e+00,2.810182687266731816e-01
-2.260000000000079723e+00,4.507047262987385478e-02,0.000000000000000000e+00,2.344695697811677304e-01
-2.240000000000080149e+00,2.183517686448878045e-02,0.000000000000000000e+00,3.036604392507848416e-01
-2.220000000000080576e+00,2.880933132312050657e-02,0.000000000000000000e+00,5.632242841854873117e-01
-2.200000000000081002e+00,9.827524253177978564e-02,0.000000000000000000e+00,1.149852519960884889e+00
-2.180000000000081428e+00,3.470649762409690475e-01,0.000000000000000000e+00,2.273736466066521356e+00
-2.160000000000081855e+00,1.065730310555525362e+00,0.000000000000000000e+00,4.210695785712592176e+00
-2.140000000000082281e+00,2.813264746664549065e+00,0.000000000000000000e+00,7.253146537966825846e+00
-2.120000000000082707e+00,6.397660076293299802e+00,0.000000000000000000e+00,1.163154760509355157e+01
-2.100000000000083134e+00,1.259297668974874362e+01,0.000000000000000000e+00,1.741424561366550705e+01
-2.080000000000083560e+00,2.159875085511287196e+01,0.000000000000000000e+00,2.443706318448799664e+01
-2.060000000000083986e+00,3.257982697201224909e+01,1.562205967284536756e+00,3.229116349319492230e+01
-2.040000000000084412e+00,4.379132117565304583e+01,1.011421405273978706e+02,4.039040224670150536e+01
-2.020000000000084839e+00,5.335444894518202830e+01,7.111157313545129455e+01,4.809001453040264806e+01
-2.000000000000085265e+00,6.014332381653169790e+01,1.785138979926958314e+01,5.481422153356248828e+01
-1.980000000000085691e+00,6.410079739240516972e+01,8.891314026795859604e+01,6.014956285256356949e+01
-1.960000000000086118e+00,6.584593547581826556e+01,7.327288363546063010e+01,6.388482477543177396e+01
-1.940000000000086544e+00,6.614831742236118828e+01,9.033272523236435347e+01,6.600588129511643842e+01
-1.920000000000086970e+00,6.565102710514902640e+01,8.722621512765516627e+01,6.666168983902815626e+01
-1.900000000000087397e+00,6.476672775288722050e+01,3.610446655963825435e+01,6.611146856356947410e+01
-1.880000000000087823e+00,6.358593291815027015e+01,8.176664298516257645e+01,6.466594261337804994e+01
-1.860000000000088249e+00,6.187868905502060812e+01,5.166351238255492007e+01,6.263398837694611387e+01
-1.840000000000088676e+00,5.936322067769461341e+01,8.596726461138933928e+01,6.028084179530254971e+01
-1.820000000000089102e+00,5.606812649069592425e+01,4.283685795997574530e+01,5.780872248751779097e+01
-1.800000000000089528e+00,5.243681810338448201e+01,4.863995281517057379e+01,5.535362734596738932e+01
-1.780000000000089955e+00,4.904714583962937269e+01,4.260102825941925175e+01,5.299863533211556899e+01
-1.760000000000090381e+00,4.626135228372632469e+01,6.650957755964840601e+01,5.079272681951422896e+01
-1.740000000000090807e+00,4.414513808341357048e+01,5.802349597605882536e+01,4.877401797539670980e+01
-1.720000000000091234e+00,4.263719485137957577e+01,3.067829456480567174e+01,4.698470796693819551e+01
-1.700000000000091660e+00,4.171359742568980522e+01,3.920612796870116767e+01,4.546533004905094799e+01
-1.680000000000092086e+00,4.139303741903272282e+01,4.977337855824139012e+01,4.424036107423422237e+01
-1.660000000000092513e+00,4.161859870452354215e+01,3.325544056559493100e+01,4.330410479861093620e+01
-1.640000000000092939e+00,4.214640257431017289e+01,4.492530650316757601e+01,4.260738175623959734e+01
-1.620000000000093365e+00,4.261906580301567971e+01,4.882733755152333543e+01,4.206943085513944425e+01
-1.600000000000093792e+00,4.271308387311520249e+01,3.006858340196950152e+01,4.159519584804423431e+01
-1.580000000000094218e+00,4.226102710514931715e+01,5.286703546388679342e+01,4.109532345124210906e+01
-1.560000000000094644e+00,4.127677420697008870e+01,3.766515199968561234e+01,4.050633787999220914e+01
-1.540000000000095071e+00,3.992682066105261640e+01,4.237981832106125069e+01,3.979552726556917008e+01
-1.520000000000095497e+00,3.845551227374112813e+01,3.001274175475550976e+01,3.896359643149962437e+01
-1.500000000000095923e+00,3.709981162600288229e+01,5.871499035895879359e+01,3.803224537346478940e+01
-1.480000000000096350e+00,3.605798968611668442e+01,2.625631734933558548e+01,3.702973974472101304e+01
-1.460000000000096776e+00,3.543051355257470902e+01,3.001100597707053552e+01,3.596885875455711812e+01
-1.440000000000097202e+00,3.514046709849219496e+01,3.513210748364680569e+01,3.483276422031918429e+01
-1.420000000000097629e+00,3.489355097160743924e+01,3.629136264460241534e+01,3.357533616297119750e+01
-1.400000000000098055e+00,3.428149420364167099e+01,3.159988949870427177e+01,3.214120215186407847e+01
-1.380000000000098481e+00,3.303294195320084015e+01,5.189242407980282223e+01,3.049793018066214501e+01
-1.360000000000098908e+00,3.113523099157936969e+01,1.648751231216663626e+01,2.866270772226089036e+01
-1.340000000000099334e+00,2.879789422028501633e+01,2.110032845160290194e+01,2.671385994176744916e+01
-1.320000000000099760e+00,2.629485680125236868e+01,3.327373092522149278e+01,2.478231403440038960e+01
-1.300000000000100187e+00,2.385308131544867649e+01,2.175628612737832412e+01,2.302588954678455124e+01
-1.280000000000100613e+00,2.169995098825089030e+01,1.221807644907731039e+01,2.159506078392981721e+01
-1.260000000000101039e+00,2.008981162600320758e+01,1.648759744569752428e+01,2.060003047575482782e+01
-1.240000000000101466e+00,1.924789677795174825e+01,2.111739643595510785e+01,2.007952095363789269e+01
-1.220000000000101892e+00,1.922817806011365960e+01,1.009870035228226470e+01,1.998675768179932533e+01
-1.200000000000102318e+00,1.981635612022729376e+01,1.155926242161238271e+01,2.019596760030621851e+01
-1.180000000000102744e+00,2.060158966947341241e+01,3.020155579576118399e+01,2.053534561151801086e+01
-1.160000000000103171e+00,2.115037419032705301e+01,3.159981174843880325e+01,2.083401321001176143e+01
-1.140000000000103597e+00,2.122873806677106856e+01,2.215376780922382238e+01,2.097463321088364552e+01
-1.120000000000104023e+00,2.088836387644403203e+01,1.718828500261083292e+01,2.092247515324963913e+01
-1.100000000000104450e+00,2.037401807009981169e+01,2.674942599753709160e+01,2.072751406068967484e+01
-1.080000000000104876e+00,1.994528000332873674e+01,1.419304075560441269e+01,2.050036953349182411e+01
-1.060000000000105302e+00,1.980911225709810353e+01,1.786564220187261043e+01,2.037733125307826754e+01
-1.040000000000105729e+00,2.012509418699825758e+01,2.104247951417088203e+01,2.048239762197265534e+01
-1.020000000000106155e+00,2.101322579302918925e+01,2.049418911340764993e+01,2.089934457593083295e+01
-1.000000000000106581e+00,2.254135739906009661e+01,1.252538099448954512e+01,2.164931836191985326e+01
-9.800000000001070077e-01,2.460953545917360685e+01,2.163619383203949198e+01,2.268157573429883200e+01
-9.600000000001074341e-01,2.686607739573123510e+01,2.313990732976484210e+01,2.388106825580333847e+01
-9.400000000001078604e-01,2.876187095163489360e+01,1.690873451437189701e+01,2.509716554207618344e+01
-9.200000000001082867e-01,2.978383225376929744e+01,3.851047802024149291e+01,2.618678456222467332e+01
-9.000000000001087130e-01,2.976228903837876771e+01,5.087879856916101318e+01,2.705289748321927945e+01
-8.800000000001091394e-01,2.900541936557680245e+01,1.634499881417181300e+01,2.766064328364239344e+01
-8.600000000001095657e-01,2.807495226708453373e+01,1.632935787685654105e+01,2.802048366793286149e+01
-8.400000000001099920e-01,2.740878452085381412e+01,2.337014583037813509e+01,2.815203709289314560e+01
-8.200000000001104183e-01,2.709046709849230083e+01,3.940023582513146749e+01,2.805387143929386085e+01
-8.000000000001108447e-01,2.693046709849230069e+01,3.727817555771466118e+01,2.769842000057048992e+01
-7.800000000001112710e-01,2.668355097160769063e+01,2.604425108295018632e+01,2.705302442339201718e+01
-7.600000000001116973e-01,2.617144774955962205e+01,2.090094460036771196e+01,2.611027965395399875e+01
-7.400000000001121236e-01,2.528761549579042267e+01,3.564728780831985944e+01,2.491130799277190633e+01
-7.200000000001125500e-01,2.400378324202123537e+01,2.228180013065124854e+01,2.354783365349564761e+01
-7.000000000001129763e-01,2.240686711513667362e+01,2.038033732118398333e+01,2.214817089573993414e+01
-6.800000000001134026e-01,2.075770840395589545e+01,1.809183089816428591e+01,2.085380094336922596e+01
-6.600000000001138289e-01,1.936588646406934799e+01,1.383105433652599459e+01,1.979692647788216320e+01
-6.400000000001142553e-01,1.844056000665776907e+01,2.085309970410247615e+01,1.908292368907705239e+01
-6.200000000001146816e-01,1.805957935559039385e+01,1.408801265502892086e+01,1.877906844760989813e+01
-6.000000000001151079e-01,1.821121547914608030e+01,1.756038664162301899e+01,1.890752888499670448e+01
-5.800000000001155342e-01,1.883808515194791156e+01,1.428210518967091858e+01,1.944033867666156468e+01
-5.600000000001159606e-01,1.982976772958629397e+01,1.514095081394445863e+01,2.029792531974862158e+01
-5.400000000001163869e-01,2.102322579302855488e+01,2.099234338645840126e+01,2.135780716999219209e+01
-5.200000000001168132e-01,2.225584256765161228e+01,2.790369262771220349e+01,2.246918245815143678e+01
-5.000000000001172396e-01,2.341369289152085287e+01,2.800199812506755848e+01,2.347442796788854125e+01
-4.800000000001176659e-01,2.443415999001318184e+01,2.177526981015856933e+01,2.422811030041313884e+01
-4.600000000001180922e-01,2.523378579968633773e+01,3.120599634763573604e+01,2.461094896825264655e+01
-4.400000000001185185e-01,2.562911225709804697e+01,2.487699104936499239e+01,2.453804660851660202e+01
-4.200000000001189449e-01,2.538013936224832889e+01,2.470576477316083697e+01,2.396624164749574604e+01
-4.000000000001193712e-01,2.431640001664483819e+01,3.199009111653920101e+01,2.290137563890058559e+01
-3.800000000001197975e-01,2.247088518523745648e+01,2.935887066570421311e+01,2.140504184157079592e+01
-3.600000000001202238e-01,2.009312776953381174e+01,1.712287678735581764e+01,1.959054128396213912e+01
-3.400000000001206502e-01,1.754051099491076471e+01,1.446454575883564431e+01,1.760416873057673826e+01
-3.200000000001210765e-01,1.513219357254915565e+01,1.300011226112594898e+01,1.559482903680200572e+01
-3.000000000001215028e-01,1.302995098825287634e+01,1.219850197003017556e+01,1.368214911089116370e+01
-2.800000000001219291e-01,1.125032517857968983e+01,6.813706294399915819e+00,1.193771957311400023e+01
-2.600000000001223555e-01,9.736367498787101837e+00,1.361292087248711091e+01,1.038421270675762820e+01
-2.400000000001227818e-01,8.411685432681666796e+00,8.598129710300183248e+00,9.010300979411130839e+00
-2.200000000001232081e-01,7.228919237694304556e+00,8.279223003780803225e+00,7.790634595667277118e+00
-2.000000000001236344e-01,6.180153042706942657e+00,4.300334188839985750e+00,6.700991787602179173e+00
-1.800000000001240608e-01,5.259737299472060812e+00,4.118411155308551841e+00,5.724118354610767234e+00
-1.600000000001244871e-01,4.449891621011054177e+00,5.047439238572385634e+00,4.848305705467598870e+00
-1.400000000001249134e-01,3.730092652399289221e+00,3.904961861869622908e+00,4.064411217057271486e+00
-1.200000000001253397e-01,3.090859103153094534e+00,2.786739846370859475e+00,3.363525682540785766e+00
-1.000000000001257661e-01,2.531190973272476885e+00,3.351771895296772552e+00,2.738064138560024841e+00
-8.000000000012619239e-02,2.044873295144362224e+00,1.133743758190412398e+00,2.183365937810511248e+00
-6.000000000012661872e-02,1.617167746231067627e+00,1.049488791741751248e+00,1.697885331672384090e+00
-4.000000000012704504e-02,1.234550971607967895e+00,8.604126540952200530e-01,1.281897617237656384e+00
-2.000000000012747137e-02,8.932379388881351856e-01,7.940030850574976151e-01,9.357039648821930955e-01
-1.278976924368180335e-13,6.008352027964416475e-01,7.951477100662883435e-02,6.576346203614994446e-01
1.999999999987167598e-02,3.695521053027384095e-01,0.000000000000000000e+00,4.432185746193140208e-01
3.999999999987124966e-02,2.050082594283777482e-01,0.000000000000000000e+00,2.851307527034604439e-01
5.999999999987082333e-02,1.014929969125564907e-01,0.000000000000000000e+00,1.743715477198931607e-01
7.999999999987039700e-02,4.445603135778649490e-02,0.000000000000000000e+00,1.008888023087334274e-01
9.999999999986997068e-02,1.712402803890637412e-02,0.000000000000000000e+00,5.500714398911236286e-02
1.199999999998695444e-01,5.764474384792579210e-03,0.000000000000000000e+00,2.813283101216944304e-02
1.399999999998691180e-01,1.690414626185933293e-03,0.000000000000000000e+00,1.343633924304135988e-02
1.599999999998686917e-01,4.436269986827991348e-04,0.000000000000000000e+00,5.975604090322276379e-03
1.799999999998682654e-01,1.622616518856795755e-04,0.000000000000000000e+00,2.465712093703189417e-03
1.999999999998678391e-01,2.659755583724695725e-04,0.000000000000000000e+00,9.296637429478297283e-04
2.199999999998674127e-01,7.609196302750542446e-04,0.000000000000000000e+00,3.267279602158373614e-04
2.399999999998669864e-01,1.959866561991014701e-03,0.000000000000000000e+00,1.017453797364170165e-04
2.599999999998665601e-01,4.293980353686765832e-03,0.000000000000000000e+00,2.562978199518529252e-05
2.799999999998661337e-01,7.994271693962877456e-03,0.000000000000000000e+00,2.582989330877297568e-06
2.999999999998657074e-01,1.269724897845387473e-02,0.000000000000000000e+00,3.053343779808125065e-06
3.199999999998652811e-01,1.737696769629320723e-02,0.000000000000000000e+00,1.189080277727852217e-05
3.399999999998648548e-01,2.097075093831603579e-02,0.000000000000000000e+00,3.640218811142486237e-05
3.599999999998644284e-01,2.335004901174580344e-02,0.000000000000000000e+00,1.037915505107612812e-04
3.799999999998640021e-01,2.567290061444654076e-02,0.000000000000000000e+00,2.621400718677496604e-04
3.999999999998635758e-01,2.938467865791327682e-02,0.000000000000000000e+00,6.181268983171873304e-04
4.199999999998631495e-01,3.455234316545064549e-02,0.000000000000000000e+00,1.348093045111317320e-03
4.399999999998627231e-01,3.942486447424500828e-02,0.000000000000000000e+00,2.744082776574105920e-03
4.599999999998622968e-01,4.217757159937143840e-02,0.000000000000000000e+00,5.193970510457010872e-03
4.799999999998618705e-01,4.367224514195915813e-02,0.000000000000000000e+00,9.183159176605566743e-03
4.999999999998614442e-01,4.867510441764730245e-02,0.000000000000000000e+00,1.517662625342185156e-02
5.199999999998610178e-01,6.405526168353328775e-02,0.000000000000000000e+00,2.350976986363356724e-02
5.399999999998605915e-01,9.499874020827432652e-02,0.000000000000000000e+00,3.423652348709353005e-02
5.599999999998601652e-01,1.419453929566337202e-01,2.626888524123650176e-02,4.703431293883908459e-02
5.799999999998597389e-01,1.995659606362782112e-01,4.059268566988376986e-02,6.122863251302677196e-02
5.999999999998593125e-01,2.575108123222096812e-01,1.074542565810040345e-01,7.593554824160479721e-02
6.199999999998588862e-01,3.021804125552599030e-01,8.715791374597765817e-02,9.023721806141521418e-02
6.399999999998584599e-01,3.199350451752519531e-01,2.411773984030206597e-01,1.033161533465107168e-01
6.599999999998580336e-01,3.040765939221298231e-01,0.000000000000000000e+00,1.145793463202561951e-01
6.799999999998576072e-01,2.619756392638489806e-01,1.678757910650174323e-01,1.236761707060095999e-01
6.999999999998571809e-01,2.155471488134659830e-01,0.000000000000000000e+00,1.306135813879142626e-01
7.199999999998567546e-01,1.920570064773884367e-01,4.040568806158433279e-01,1.360648605857880944e-01
7.399999999998563283e-01,2.096911737242181384e-01,0.000000000000000000e+00,1.418805356223891423e-01
7.599999999998559019e-01,2.685580378655253453e-01,3.553260611776480338e-01,1.513089566524143115e-01
7.799999999998554756e-01,3.523295474151387774e-01,1.443727574881326905e-03,1.690313426137799446e-01
7.999999999998550493e-01,4.389617797687860867e-01,0.000000000000000000e+00,2.006622356573307120e-01
8.199999999998546230e-01,5.137388638083700831e-01,1.322794142469947698e-01,2.523573528080416684e-01
8.399999999998541966e-01,5.769010058115153772e-01,0.000000000000000000e+00,3.307218367161437467e-01
8.599999999998537703e-01,6.426285927568542444e-01,0.000000000000000000e+00,4.436442571557310255e-01
8.799999999998533440e-01,7.327991988014181945e-01,7.555759907495999128e-01,6.019453001824568439e-01
8.999999999998529177e-01,8.688660885193377759e-01,1.243705697855614245e+00,8.204313652708761229e-01
9.199999999998524913e-01,1.066013365215891850e+00,0.000000000000000000e+00,1.117844493420179885e+00
9.399999999998520650e-01,1.335023738573857699e+00,1.772032826421108265e-01,1.515376060431161243e+00
9.599999999998516387e-01,1.694958447091333698e+00,1.366133388845208740e+00,2.032529641854941893e+00
9.799999999998512124e-01,2.185925929233150100e+00,2.016009324879641351e+00,2.685695603117622898e+00
9.999999999998507860e-01,2.867444894515609910e+00,1.526520680122224416e+00,3.486911182459930814e+00
1.019999999999850360e+00,3.800996633422351501e+00,4.258266791299943677e+00,4.445785975244797683e+00
1.039999999999849933e+00,5.021328759307688294e+00,4.988270495604111510e+00,5.571858273563486286e+00
1.059999999999849507e+00,6.524665530601393648e+00,6.507852172609971397e+00,6.874266456421533000e+00
1.079999999999849081e+00,8.289745269841098718e+00,6.105041387462158298e+00,8.355279180068786005e+00
1.099999999999848654e+00,1.031190913796261377e+01,9.064359395233832828e+00,9.995240276361032628e+00
1.119999999999848228e+00,1.258733932895471241e+01,1.095508519140682679e+01,1.173387783054973710e+01
1.139999999999847802e+00,1.503645158605260690e+01,9.760110312987810843e+00,1.345701564325856658e+01
1.159999999999847375e+00,1.738434836400524119e+01,1.538892290061083656e+01,1.500276099059423984e+01
1.179999999999846949e+00,1.913887998668204560e+01,1.955917195196284553e+01,1.619481387657939919e+01
1.199999999999846523e+00,1.980523354924632429e+01,2.217945565824230059e+01,1.689652038596658912e+01
1.219999999999846096e+00,1.916027872449908287e+01,4.191602852495705633e+01,1.706344564188689716e+01
1.239999999999845670e+00,1.745868905502757684e+01,1.653784422251784747e+01,1.676530130656961148e+01
1.259999999999845244e+00,1.538649292481396103e+01,7.925205006661260043e+00,1.615959219354408205e+01
1.279999999999844817e+00,1.369808259428550201e+01,3.470119986059093442e+00,1.542489452467418154e+01
1.299999999999844391e+00,1.281920516526428067e+01,1.058043545577697486e+01,1.468600116676138967e+01
1.319999999999843965e+00,1.270126193322838226e+01,1.850320500916220823e+01,1.396890154873262624e+01
1.339999999999843538e+00,1.292864515860521735e+01,1.686043566274323879e+01,1.320671236023051520e+01
1.359999999999843112e+00,1.297439226042741822e+01,1.799091883568695849e+01,1.228905822307622486e+01
1.379999999999842686e+00,1.242845678461184633e+01,1.248196702056942087e+01,1.112688058015732295e+01
1.399999999999842260e+00,1.111079227707522676e+01,1.442675525002039549e+01,9.700852470101702707e+00
1.419999999999841833e+00,9.099165444337273811e+00,1.062893096276526350e+01,8.075192463130603571e+00
1.439999999999841407e+00,6.721015768206875407e+00,2.720888913714957003e+00,6.376680567093307772e+00
1.459999999999840981e+00,4.417992796931404342e+00,0.000000000000000000e+00,4.753286195504062839e+00
1.479999999999840554e+00,2.557829951874031060e+00,0.000000000000000000e+00,3.331803222828261468e+00
1.499999999999840128e+00,1.294273197000684217e+00,0.000000000000000000e+00,2.189207785814224039e+00
1.519999999999839702e+00,5.690382243932736728e-01,0.000000000000000000e+00,1.344688549628168417e+00
1.539999999999839275e+00,2.163623763545755585e-01,0.000000000000000000e+00,7.705775419058394915e-01
1.559999999999838849e+00,7.093210916977098213e-02,0.000000000000000000e+00,4.111034213964075978e-01
1.579999999999838423e+00,2.001190785308657252e-02,0.000000000000000000e+00,2.038334057220386464e-01
1.599999999999837996e+00,4.843955675285387119e-03,0.000000000000000000e+00,9.372261023234647326e-02
1.619999999999837570e+00,1.004649407274030510e-03,0.000000000000000000e+00,3.985353321487863226e-02
1.639999999999837144e+00,1.784264438526431996e-04,0.000000000000000000e+00,1.565961303138478644e-02
1.659999999999836717e+00,2.736360504496536443e-05,0.000000000000000000e+00,5.684461937982695015e-03
1.679999999999836291e+00,5.686858080090316694e-06,0.000000000000000000e+00,2.078897011532080102e-03
1.699999999999835865e+00,1.352514997955804948e-05,0.000000000000000000e+00,1.240052434360284887e-03
1.719999999999835438e+00,6.764399636019771884e-05,0.000000000000000000e+00,2.050175028182558284e-03
1.739999999999835012e+00,2.991009504961761843e-04,0.000000000000000000e+00,4.767339819852675110e-03
1.759999999999834586e+00,1.144500294432848663e-03,0.000000000000000000e+00,1.057734251196222608e-02
1.779999999999834159e+00,3.812654663566486003e-03,0.000000000000000000e+00,2.184815311730503237e-02
1.799999999999833733e+00,1.112903213722873756e-02,0.000000000000000000e+00,4.214117796191493154e-02
1.819999999999833307e+00,2.863264746653731638e-02,0.000000000000000000e+00,7.601739731344807349e-02
1.839999999999832880e+00,6.522842526027389232e-02,0.000000000000000000e+00,1.285350781293588263e-01
1.859999999999832454e+00,1.319275809975800351e-01,0.000000000000000000e+00,2.040722710295689579e-01
1.879999999999832028e+00,2.371870695864432832e-01,0.000000000000000000e+00,3.048608578034910366e-01
1.899999999999831601e+00,3.798240240782171373e-01,8.685141511465883923e-02,4.293295540953332434e-01
1.919999999999831175e+00,5.446352497879993759e-01,7.106521223552960675e-01,5.711751096330003330e-01
1.939999999999830749e+00,7.080165402716896983e-01,3.232667734893395761e-01,7.199050073731789734e-01
1.959999999999830322e+00,8.536599727585326702e-01,7.454544055776805012e-01,8.630802808308674079e-01
1.979999999999829896e+00,9.851739857133159362e-01,2.208452971811385446e+00,9.900614991657658015e-01
1.999999999999829470e+00,1.121448772625342594e+00,1.047702972444545688e+00,1.095882845230140346e+00
2.019999999999829043e+00,1.274402062776058830e+00,2.307373830411017845e+00,1.183474936553800649e+00
2.039999999999828617e+00,1.432490837066270117e+00,5.676360384225701550e-01,1.263296745180693792e+00
2.059999999999828191e+00,1.565500127882947012e+00,3.622180994777048912e-01,1.350316141129529912e+00
2.079999999999827764e+00,1.645121547914482729e+00,1.461627068466097246e+00,1.459558629171280764e+00
2.099999999999827338e+00,1.671303741903260143e+00,1.347550635499415117e+00,1.602310534162576516e+00
2.119999999999826912e+00,1.680387870785139626e+00,2.098183489888116426e+00,1.784402300535240737e+00
2.139999999999826485e+00,1.733023482807577675e+00,7.106521223552960675e-01,2.006912105472233421e+00
2.159999999999826059e+00,1.885476900841234871e+00,2.131956367065888980e+00,2.269381642734141558e+00
2.179999999999825633e+00,2.155715351261839441e+00,3.348222444898075967e+00,2.573338600881694749e+00
2.199999999999825206e+00,2.516963092499115540e+00,2.830538002309883172e+00,2.925331705301011720e+00
2.219999999999824780e+00,2.927131350262872189e+00,3.247547185587854379e+00,3.337576746931622207e+00
2.239999999999824354e+00,3.366168769295469154e+00,2.369741135955318434e+00,3.827012363708162113e+00
2.259999999999823928e+00,3.857804381317879283e+00,2.459030091598661372e+00,4.411803530143845187e+00
2.279999999999823501e+00,4.464033540921760412e+00,5.665912361709134260e+00,5.107214016832322123e+00
2.299999999999823075e+00,5.255945022397376043e+00,6.307976763549861587e+00,5.920504803474631927e+00
2.319999999999822649e+00,6.269552761969731769e+00,5.050069735531198312e+00,6.845681326479677864e+00
2.339999999999822222e+00,7.457094954293588707e+00,5.927875785163736033e+00,7.858515114407807367e+00
2.359999999999821796e+00,8.681716374325095131e+00,7.492955603857436309e+00,8.914059050620226188e+00
2.379999999999821370e+00,9.773804892849440762e+00,1.088142243502876205e+01,9.948799881152517344e+00
2.399999999999820943e+00,1.061986063774959987e+01,1.578729909008506382e+01,1.088820079537283547e+01
2.419999999999820517e+00,1.118817806011208127e+01,1.143504842295453905e+01,1.165855251469456100e+01
2.439999999999820091e+00,1.149387870785134425e+01,1.276051381952219010e+01,1.219981536227768437e+01
2.459999999999819664e+00,1.155957935559062655e+01,1.427161640534710330e+01,1.247571563220096635e+01
2.479999999999819238e+00,1.139831742236250633e+01,1.950866157498544595e+01,1.247880115487495090e+01
2.499999999999818812e+00,1.104878452085536722e+01,1.147202245113109065e+01,1.222877287669621715e+01
2.519999999999818385e+00,1.058705548913440531e+01,1.113345251278047954e+01,1.176633995354053042e+01
2.539999999999817959e+00,1.010705084372607843e+01,9.772572933433668396e+00,1.114625110901323524e+01
2.559999999999817533e+00,9.640050843726077900e+00,1.232420611862431770e+01,1.043301940973567987e+01
2.579999999999817106e+00,9.147845166929744920e+00,1.009580202657889103e+01,9.700774924562892920e+00
2.599999999999816680e+00,8.598508651402275049e+00,1.137043395768473708e+01,9.032846803982241823e+00
2.619999999999816254e+00,8.039672263757694282e+00,6.723702369861550565e+00,8.515873792562107525e+00
2.639999999999815827e+00,7.607452906502069290e+00,2.935249263356791705e+00,8.224428103102793486e+00
2.659999999999815401e+00,7.458467354258649706e+00,3.403123438849304350e+00,8.201137667227079930e+00
2.679999999999814975e+00,7.677607995338021851e+00,4.803887389737284686e+00,8.440923256364788685e+00
2.699999999999814548e+00,8.228510185996807280e+00,9.604502641140415520e+00,8.890825969119457994e+00
2.719999999999814122e+00,8.968884120556870343e+00,1.279860179074283089e+01,9.467400382662622960e+00
2.739999999999813696e+00,9.717033540921450552e+00,1.050466071481981523e+01,1.008533408380317553e+01
2.759999999999813269e+00,1.033598192989804510e+01,1.250269943883578883e+01,1.068386416327346211e+01
2.779999999999812843e+00,1.081252386645609320e+01,1.276882113544658282e+01,1.123836849851465836e+01
2.799999999999812417e+00,1.125859870452124767e+01,1.101282926411504803e+01,1.175280225567458636e+01
2.819999999999811990e+00,1.182116902506090739e+01,1.022765475802766311e+01,1.223885229430669064e+01
2.839999999999811564e+00,1.254766450753541207e+01,8.202835874894033097e+00,1.269529346156365968e+01
2.859999999999811138e+00,1.329986063774926741e+01,1.515523693402964156e+01,1.309938730328375733e+01
2.879999999999810711e+00,1.383775741570251938e+01,1.613690087911258431e+01,1.341618496094835677e+01
2.899999999999810285e+00,1.400392516193484838e+01,2.016759200980628108e+01,1.361792656648805888e+01
2.919999999999809859e+00,1.383962580967424749e+01,1.345711587086225514e+01,1.370290290449062098e+01
2.939999999999809432e+00,1.354831742236264169e+01,1.333276326385299804e+01,1.370092791146945466e+01
2.959999999999809006e+00,1.334654193655809173e+01,8.878585034266883724e+00,1.366427455098632393e+01
2.979999999999808580e+00,1.332911225709771763e+01,1.310240712621295067e+01,1.364978235637581427e+01
2.999999999999808153e+00,1.348864515860477375e+01,1.401372135515902961e+01,1.370097732066732910e+01
3.019999999999807727e+00,1.383425289817695436e+01,1.671169881774667587e+01,1.383548945341498282e+01
3.039999999999807301e+00,1.443897289484682034e+01,1.264716848073429922e+01,1.403998516177062861e+01
3.059999999999806874e+00,1.532327224710738101e+01,1.112751765071775978e+01,1.426915417498802263e+01
3.079999999999806448e+00,1.629981418366547885e+01,9.306842161103061173e+00,1.445444218949755033e+01
3.099999999999806022e+00,1.697644902839082448e+01,1.895763093801963350e+01,1.452179992909262651e+01
3.119999999999805596e+00,1.693663484472541114e+01,2.489375789798137362e+01,1.441999965324596467e+01
3.139999999999805169e+00,1.600289549912514531e+01,1.645157125520195862e+01,1.414608641063474437e+01
3.159999999999804743e+00,1.442644647073433717e+01,1.464787483959833736e+01,1.375491022655998918e+01
3.179999999999804317e+00,1.278116646740425644e+01,7.221002747659905019e+00,1.334428216207459350e+01
3.199999999999803890e+00,1.164144774956263539e+01,8.643088128160178130e+00,1.302086246129504765e+01
3.219999999999803464e+00,1.130084128881863492e+01,1.038954564541627512e+01,1.286414667300477710e+01
3.239999999999803038e+00,1.168420644409317610e+01,1.076239973482152656e+01,1.290554491740976317e+01
3.259999999999802611e+00,1.247112257097690602e+01,1.444682576372367144e+01,1.312961725912589372e+01
3.279999999999802185e+00,1.335373934560011122e+01,2.189518415284405961e+01,1.348872475385775438e+01
3.299999999999801759e+00,1.416158966946986197e+01,5.625159127738672105e+00,1.391985684809591106e+01
3.319999999999801332e+00,1.485378579968380208e+01,1.329846302411613124e+01,1.435488056410512137e+01
3.339999999999800906e+00,1.541859870452099202e+01,1.039881386499527061e+01,1.472622256654641859e+01
3.359999999999800480e+00,1.580733677129304837e+01,2.617585836801124088e+01,1.497401503114220844e+01
3.379999999999800053e+00,1.596869161268837445e+01,1.613425523361734548e+01,1.506045998507164896e+01
3.399999999999799627e+00,1.588439226042789798e+01,1.643247618435229640e+01,1.498574266910489072e+01
3.419999999999799201e+00,1.559920516526510248e+01,1.488303685120298248e+01,1.479729628484465032e+01
3.439999999999798774e+00,1.519443871451162664e+01,1.388629497853867178e+01,1.458494102321729180e+01
3.459999999999798348e+00,1.476182193988839231e+01,1.116481838663545467e+01,1.446027075214132118e+01
3.479999999999797922e+00,1.445177548580466009e+01,1.515169860242825806e+01,1.452767013050964451e+01
3.499999999999797495e+00,1.444126193322789753e+01,1.132014636964197152e+01,1.485367782627014677e+01
3.519999999999797069e+00,1.484682321871622257e+01,6.871024317445807661e+00,1.544809320193018642e+01
3.539999999999796643e+00,1.563285160269754392e+01,1.501486629674724860e+01,1.626163354625697366e+01
3.559999999999796216e+00,1.658285160269754499e+01,2.334384596084094809e+01,1.720246423704215744e+01
3.579999999999795790e+00,1.743724386312548091e+01,1.991179895970984504e+01,1.816695323543144980e+01
3.599999999999795364e+00,1.806729031720921697e+01,1.809664341409334298e+01,1.907255133883768394e+01
3.619999999999794937e+00,1.853686967279990228e+01,2.522382839127904930e+01,1.987983190857144677e+01
3.639999999999794511e+00,1.901901934893010804e+01,1.954293336477064713e+01,2.059626115602709362e+01
3.659999999999794085e+00,1.966462708850215080e+01,1.831233674106337972e+01,2.125717340427705437e+01
3.679999999999793658e+00,2.053458063441834014e+01,2.434785572229551320e+01,2.189457852623347378e+01
3.699999999999793232e+00,2.157369289151593605e+01,1.997583294400764231e+01,2.250515344686213837e+01
3.719999999999792806e+00,2.257243095828809487e+01,1.837591564200899796e+01,2.303668470117066747e+01
3.739999999999792379e+00,2.322644902839058290e+01,1.893579639552081417e+01,2.339970970065723677e+01
3.759999999999791953e+00,2.328658839064197750e+01,3.932471754119254115e+01,2.350253773179113637e+01
3.779999999999791527e+00,2.272626065440034893e+01,3.598733308699099354e+01,2.329032914177373925e+01
3.799999999999791100e+00,2.182280259095852770e+01,2.200030626093163377e+01,2.276638773026283147e+01
3.819999999999790674e+00,2.095841033053053337e+01,1.407820471162362885e+01,2.198362427310638623e+01
3.839999999999790248e+00,2.030532645741417141e+01,1.128181995509514124e+01,2.101514329807104886e+01
3.859999999999789821e+00,1.970448516859564947e+01,2.322385357836525444e+01,1.992967246157034822e+01
3.879999999999789395e+00,1.883761549579589811e+01,2.769306406727250547e+01,1.878895705955064699e+01
3.899999999999788969e+00,1.757116646740537647e+01,2.425238532389330004e+01,1.766611161181545242e+01
3.919999999999788542e+00,1.612724130547046286e+01,1.541557135907214260e+01,1.666344252187211339e+01
3.939999999999788116e+00,1.495191484805627624e+01,8.172499407085906498e+00,1.590766488896714215e+01
3.959999999999787690e+00,1.442523354924655976e+01,5.095508008679338730e+00,1.551618909362979970e+01
3.979999999999787264e+00,1.464943999333917546e+01,7.007575642415124761e+00,1.555334279371770023e+01
3.999999999999786837e+00,1.544761805345056338e+01,1.812850879709201735e+01,1.600154434455795638e+01
4.019999999999786411e+00,1.653411353592486321e+01,2.082228017224368344e+01,1.676288255337624022e+01
4.039999999999785985e+00,1.769411353592480651e+01,2.029458961637626757e+01,1.768843651752837687e+01
4.059999999999785558e+00,1.880196385979465390e+01,1.603977611382567048e+01,1.861916283683929763e+01
4.079999999999785132e+00,1.974635612022270692e+01,1.361164335843454332e+01,1.942405467485329496e+01
4.099999999999784706e+00,2.039686967279969565e+01,3.068362413267893274e+01,2.002622538309202582e+01
4.119999999999784279e+00,2.063130838731164474e+01,2.860108550168667918e+01,2.041472461079975531e+01
4.139999999999783853e+00,2.048528000333046961e+01,2.032315237322792001e+01,2.064121131368751350e+01
4.159999999999783427e+00,2.017962580967464703e+01,1.405046677973617264e+01,2.079987336065659420e+01
4.179999999999783000e+00,2.000565419365582187e+01,1.906916528320044790e+01,2.099768848947172017e+01
4.199999999999782574e+00,2.016514064107874660e+01,1.733218016890844382e+01,2.132566487602002780e+01
4.219999999999782148e+00,2.066682321871571659e+01,1.969592403992272622e+01,2.184233099241290788e+01
4.239999999999781721e+00,2.138331870119002787e+01,2.636417273419636587e+01,2.257290125277768311e+01
4.259999999999781295e+00,2.219939353925505898e+01,2.825345073645215876e+01,2.351479790834376615e+01
4.279999999999780869e+00,2.311023482807349083e+01,1.939903799962843323e+01,2.463709858918356588e+01
4.299999999999780442e+00,2.421322579302208666e+01,1.612444853268387845e+01,2.587143323377936710e+01
4.319999999999780016e+00,2.554579611356144042e+01,2.416310277477066037e+01,2.710350990026825357e+01
4.339999999999779590e+00,2.695537546915220517e+01,3.635428532837521942e+01,2.818189452584451260e+01
4.359999999999779163e+00,2.813850579635257176e+01,3.499341691721647152e+01,2.895168413587749612e+01
4.379999999999778737e+00,2.876995354591604226e+01,3.899387303054490417e+01,2.930295839071193242e+01
4.399999999999778311e+00,2.868705548913538550e+01,3.206542998090721852e+01,2.921156480070516892e+01
4.419999999999777884e+00,2.799714839730329885e+01,3.102233813295772435e+01,2.874987129796486940e+01
4.439999999999777458e+00,2.700803614020576049e+01,2.650349445634173762e+01,2.805939111921868800e+01
4.459999999999777032e+00,2.606364387977766128e+01,1.866583334316867138e+01,2.729882348810506087e+01
4.479999999999776605e+00,2.538705548913543097e+01,2.609306604637664506e+01,2.659221100714976416e+01
4.499999999999776179e+00,2.501873806677232537e+01,2.591314359655912369e+01,2.599837040886701089e+01
4.519999999999775753e+00,2.487827096827912854e+01,2.348055664103607043e+01,2.551285836457792300e+01
4.539999999999775326e+00,2.483696258096748011e+01,2.833882898449440901e+01,2.509537142043369684e+01
4.559999999999774900e+00,2.476350451752573889e+01,2.649310956054102206e+01,2.470583656077275236e+01
4.579999999999774474e+00,2.455528000333060490e+01,2.869192749851780633e+01,2.433053389709578340e+01
4.599999999999774047e+00,2.416705548913549251e+01,2.019703077222508014e+01,2.398793599026861401e+01
4.619999999999773621e+00,2.365532645741465245e+01,1.754510463412965038e+01,2.371592647411094035e+01
4.639999999999773195e+00,2.316313032720055887e+01,2.377430755246080096e+01,2.354952345982311002e+01
4.659999999999772768e+00,2.282873806677236672e+01,2.433773661738111826e+01,2.350226322689775671e+01
4.679999999999772342e+00,2.268827096827913792e+01,2.437303056659406408e+01,2.355718120209188982e+01
4.699999999999771916e+00,2.266434580634417273e+01,2.101204839056925877e+01,2.366881140132241867e+01
4.719999999999771489e+00,2.263523354924662456e+01,2.562217886867078320e+01,2.377155990950856790e+01
4.739999999999771063e+00,2.249873806677238264e+01,2.099634889957024342e+01,2.379345377507230808e+01
4.759999999999770637e+00,2.226266322870736047e+01,3.002941765579662814e+01,2.367126833167193922e+01
4.779999999999770210e+00,2.203177548580491418e+01,2.370185261467326043e+01,2.336747302046947539e+01
4.799999999999769784e+00,2.191261677462331647e+01,2.532454862351763936e+01,2.288486983856686408e+01
4.819999999999769358e+00,2.188565419365582798e+01,2.544116560758784118e+01,2.226997520939447028e+01
4.839999999999768932e+00,2.182785032386994573e+01,2.226559087478980103e+01,2.160061343570812653e+01
4.859999999999768505e+00,2.161658839064235949e+01,1.611723351406032023e+01,2.095862811997867681e+01
4.879999999999768079e+00,2.122140129547981857e+01,1.314527590993552231e+01,2.039616674741051483e+01
4.899999999999767653e+00,2.070663484472645521e+01,2.169592312828191538e+01,1.991351470466472406e+01
4.919999999999767226e+00,2.011186839397309001e+01,1.959901855248080338e+01,1.946043560886815271e+01
4.939999999999766800e+00,1.937626065440137424e+01,1.884232865997287476e+01,1.896514674798089217e+01
4.959999999999766374e+00,1.839457807676467027e+01,2.577675698971005858e+01,1.837945438448813107e+01
4.979999999999765947e+00,1.716331614353710577e+01,2.651696577723843617e+01,1.771769333422349746e+01
4.999999999999765521e+00,1.586981162601131068e+01,1.080365635353895470e+01,1.706787861110692006e+01
5.019999999999765095e+00,1.487579355590815666e+01,1.154198683346319143e+01,1.656623616719361891e+01
5.039999999999764668e+00,1.451476645075334915e+01,1.269713869959361929e+01,1.634505599244002028e+01
5.059999999999764242e+00,1.493373934559850724e+01,8.098843346756700257e+00,1.647695514560483687e+01
5.079999999999763816e+00,1.601972127549527869e+01,1.114203654891191775e+01,1.694340938120894435e+01
5.099999999999763389e+00,1.747359998334608733e+01,2.087446021409282082e+01,1.763988591068247302e+01
5.119999999999762963e+00,1.895406708183932309e+01,2.382259873129446959e+01,1.841612579175279052e+01
5.139999999999762537e+00,2.019196385979345010e+01,2.663743414282431488e+01,1.913009793020777138e+01
5.159999999999762110e+00,2.104509418699423762e+01,1.833572804747914731e+01,1.969128228118448121e+01
5.179999999999761684e+00,2.148995354591585283e+01,1.607617775711770847e+01,2.007687634601973059e+01
5.199999999999761258e+00,2.159827096827916648e+01,2.544310382970518347e+01,2.031754722584410899e+01
5.219999999999760831e+00,2.150481290483749675e+01,2.373806347946866069e+01,2.046562194572619120e+01
5.239999999999760405e+00,2.138088774290249816e+01,1.189084784146617046e+01,2.056287479473136415e+01
5.259999999999759979e+00,2.130827096827916733e+01,1.533087421767714176e+01,2.062534945667386665e+01
5.279999999999759552e+00,2.121915871118167729e+01,2.568240570308163484e+01,2.064888833073895924e+01
5.299999999999759126e+00,2.099658839064252192e+01,3.156070985863716771e+01,2.062734870261421349e+01
5.319999999999758700e+00,2.062313032720086170e+01,2.428839130996577467e+01,2.056612133743578497e+01
5.339999999999758273e+00,2.027135484139584776e+01,1.121925630931402829e+01,2.047864478403677069e+01
5.359999999999757847e+00,2.016911225709748834e+01,1.130876319685273401e+01,2.036454586746467399e+01
5.379999999999757421e+00,2.035906580301328361e+01,2.003141812140513878e+01,2.018670696009072785e+01
5.399999999999756994e+00,2.062257032053913619e+01,2.676087911872354042e+01,1.986681682327179033e+01
5.419999999999756568e+00,2.061700903505170501e+01,2.915377362361622815e+01,1.930750944165356842e+01
5.439999999999756142e+00,2.015710194322013749e+01,1.843537330420692300e+01,1.843133705518258125e+01
5.459999999999755715e+00,1.933280259096023102e+01,1.868111530937851938e+01,1.721615182946211675e+01
5.479999999999755289e+00,1.842495226709020173e+01,1.880421358006985955e+01,1.570785302971036934e+01
5.499999999999754863e+00,1.775878452085677495e+01,1.632737517487046475e+01,1.400643295780416153e+01
5.519999999999754436e+00,1.756649548247413151e+01,7.106521223552961786e+00,1.223386302509785217e+01
5.539999999999754010e+00,1.794420644409143506e+01,6.956227175659953410e+00,1.049953478446590793e+01
5.559999999999753584e+00,1.881803869785796834e+01,7.128923289210935543e+00,8.878295766003967415e+00
5.579999999999753157e+00,1.994845934226711393e+01,8.583486006345465213e+00,7.407492106760757089e+00
5.599999999999752731e+00,2.100112257097466895e+01,6.885957537168890141e+00,6.098504176760234152e+00
5.619999999999752305e+00,2.168383225376650003e+01,5.815070766740422670e+00,4.953309406208612486e+00
5.639999999999751878e+00,2.185350451752588796e+01,1.016437778351643617e+00,3.975725771067493142e+00
5.659999999999751452e+00,2.152794323203857729e+01,1.127673380794007862e-01,3.172649820865359960e+00
5.679999999999751026e+00,2.079149420364876377e+01,1.421304244710592135e+00,2.547780781293830010e+00
5.699999999999750599e+00,1.973415743235645081e+01,1.421304244710592135e+00,2.093922719690318068e+00
5.719999999999750173e+00,1.844158711181738042e+01,1.421304244710592135e+00,1.789952074349177247e+00
5.739999999999749747e+00,1.699378324203160062e+01,1.421304244710592135e+00,1.604267236380284123e+00
5.759999999999749321e+00,1.550116646740830539e+01,1.421304244710592135e+00,1.501773441244020235e+00
5.779999999999748894e+00,1.407897033719414637e+01,1.421304244710592135e+00,1.451208437544809327e+00
5.799999999999748468e+00,1.276242840063575379e+01,1.421304244710592135e+00,1.428891259601555941e+00
5.819999999999748042e+00,1.150242840063575400e+01,1.421304244710592135e+00,1.419146855645772476e+00
5.839999999999747615e+00,1.020070865973180929e+01,1.421304244710592135e+00,1.412181868933159334e+00
5.859999999999747189e+00,8.787344015988946211e+00,1.421304244710592135e+00,1.401580751078422171e+00
5.879999999999746763e+00,7.276311242364974952e+00,1.421304244710592135e+00,1.381779698962557257e+00
5.899999999999746336e+00,5.773119757559165066e+00,1.421304244710592135e+00,1.346839660394424154e+00
5.919999999999745910e+00,4.423853690453415588e+00,1.421304244710592135e+00,1.290393413152857383e+00
5.939999999999745484e+00,3.358176525520466971e+00,1.421304244710592135e+00,1.206995211665150114e+00
5.959999999999745057e+00,2.635410586297241231e+00,1.421304244710592135e+00,1.094030127978045330e+00
5.979999999999744631e+00,2.222401551245372975e+00,1.421304244710592135e+00,9.537523540935358701e-01
5.999999999999744205e+00,2.009420388644111544e+00,1.421304244710592135e+00,7.940387332897282935e-01
